SalesID,DateKey,ProductID,CustomerID,RegionID,ChannelID,Units_Sold,Revenue,Discount,COGS,Profit,TransactionID,SalesRepID
1,20241110,1137,2164,3168,4042,1222,3189.42,176.94,1270.88,1741.6,TRX20241110-001,144
2,20240417,1053,2051,3294,4075,2777,8608.7,255.2,3860.03,4493.47,TRX20240417-002,109
3,20240714,1053,2081,3100,4093,1086,2953.92,242.72,1216.32,1494.88,TRX20240714-003,142
4,20240907,1180,2055,3220,4097,596,2264.8,39.83,703.28,1521.69,TRX20240907-004,120
5,20241017,1135,2164,3275,4058,2242,5649.84,294.65,1816.02,3539.17,TRX20241017-005,139
6,20241225,1183,2039,3234,4033,720,1756.8,103.04,871.2,782.56,TRX20241225-006,102
7,20241109,1092,2183,3133,4035,3822,10128.3,911.86,3210.48,6005.96,TRX20241109-007,120
8,20241215,1036,2196,3188,4043,3176,3557.12,209.92,1111.6,2235.6,TRX20241215-008,126
9,20240226,1068,2051,3208,4006,6553,6356.41,267.25,2621.2,3467.96,TRX20240226-009,103
10,20240329,1031,2022,3132,4011,9113,26792.22,1526.72,10844.47,14421.03,TRX20240329-010,149
11,20240905,1165,2072,3085,4030,2178,6490.44,471.38,2090.88,3928.18,TRX20240905-011,110
12,20240401,1044,2035,3232,4082,3776,11667.84,550.18,3851.52,7266.14,TRX20240401-012,122
13,20241219,1200,2200,3155,4099,451,1041.81,61.14,414.92,565.75,TRX20241219-013,142
14,20240111,1115,2021,3131,4039,297,1250.37,52.58,591.03,606.76,TRX20240111-014,105
15,20240522,1026,2047,3206,4031,9082,29425.68,2535.7,13623.0,13266.98,TRX20240522-015,114
16,20240208,1110,2131,3034,4008,1209,3808.35,265.44,1559.61,1983.3,TRX20240208-016,122
17,20240911,1039,2045,3140,4028,3729,12193.83,329.99,4139.19,7724.65,TRX20240911-017,143
18,20241105,1189,2038,3284,4073,899,1168.7,13.75,539.4,615.55,TRX20241105-018,149
19,20240720,1143,2039,3163,4081,604,1763.68,169.67,730.84,863.17,TRX20240720-019,115
20,20240806,1130,2023,3269,4044,413,929.25,73.08,346.92,509.25,TRX20240806-020,102
21,20240919,1112,2053,3241,4083,1193,3901.11,123.65,1861.08,1916.38,TRX20240919-021,125
22,20240607,1128,2034,3121,4003,1755,2878.2,202.46,1333.8,1341.94,TRX20240607-022,133
23,20240821,1050,2191,3232,4039,1461,3082.71,73.67,949.65,2059.39,TRX20240821-023,124
24,20241012,1172,2125,3126,4003,750,2527.5,17.24,832.5,1677.76,TRX20241012-024,103
25,20241102,1177,2192,3089,4045,4276,13725.96,296.42,6756.08,6673.46,TRX20241102-025,121
26,20240110,1171,2166,3095,4097,2275,5460.0,187.52,2138.5,3133.98,TRX20240110-026,106
27,20240509,1194,2088,3248,4026,439,882.39,3.69,399.49,479.21,TRX20240509-027,111
28,20240315,1022,2016,3289,4070,3777,11217.69,114.74,3852.54,7250.41,TRX20240315-028,120
29,20241006,1136,2172,3074,4039,951,2776.92,163.09,979.53,1634.3,TRX20241006-029,123
30,20240910,1168,2125,3298,4034,4500,10890.0,471.47,3960.0,6458.53,TRX20240910-030,119
31,20240706,1088,2137,3167,4033,3342,5815.08,382.76,2138.88,3293.44,TRX20240706-031,141
32,20241129,1041,2073,3093,4007,3071,7523.95,297.43,3132.42,4094.1,TRX20241129-032,123
33,20241209,1151,2127,3186,4017,656,1718.72,21.47,656.0,1041.25,TRX20241209-033,119
34,20240821,1130,2010,3184,4092,818,1955.02,39.7,719.84,1195.48,TRX20240821-034,141
35,20240822,1182,2004,3163,4067,98,152.88,12.35,48.02,92.51,TRX20240822-035,116
36,20240322,1056,2156,3114,4085,951,3680.37,223.97,1483.56,1972.84,TRX20240322-036,128
37,20240123,1045,2199,3204,4036,3667,11917.75,383.85,5757.19,5776.71,TRX20240123-037,138
38,20240106,1026,2070,3161,4025,3749,7310.55,192.84,2361.87,4755.84,TRX20240106-038,141
39,20241031,1128,2082,3246,4004,518,1310.54,20.0,481.74,808.8,TRX20241031-039,103
40,20241001,1058,2108,3236,4041,1544,3659.28,156.91,1682.96,1819.41,TRX20241001-040,127
41,20240130,1164,2068,3195,4030,2004,5430.84,288.65,2104.2,3037.99,TRX20240130-041,125
42,20240305,1105,2117,3247,4014,716,3408.16,184.17,1102.64,2121.35,TRX20240305-042,130
43,20241228,1041,2026,3032,4071,518,1574.72,85.44,694.12,795.16,TRX20241228-043,121
44,20240325,1143,2179,3121,4034,134,542.7,38.7,190.28,313.72,TRX20240325-044,109
45,20241130,1094,2059,3031,4075,1556,3532.12,191.0,1493.76,1847.36,TRX20241130-045,114
46,20240913,1047,2179,3027,4097,3088,10931.52,4.23,5187.84,5739.45,TRX20240913-046,144
47,20240902,1148,2070,3247,4031,239,922.54,1.98,411.08,509.48,TRX20240902-047,146
48,20241209,1121,2198,3083,4026,972,1875.96,40.89,583.2,1251.87,TRX20241209-048,134
49,20241106,1192,2155,3130,4045,823,1621.31,100.58,798.31,722.42,TRX20241106-049,120
50,20241211,1116,2056,3086,4004,533,2275.91,159.67,1023.36,1092.88,TRX20241211-050,109
51,20241220,1126,2123,3199,4048,527,885.36,7.46,353.09,524.81,TRX20241220-051,131
52,20240105,1102,2100,3075,4100,594,2465.1,177.5,896.94,1390.66,TRX20240105-052,141
53,20241021,1114,2140,3259,4081,375,1533.75,110.6,555.0,868.15,TRX20241021-053,150
54,20240928,1100,2096,3017,4079,1037,1731.79,121.93,611.83,998.03,TRX20240928-054,102
55,20240430,1003,2100,3085,4081,4397,9409.58,476.83,3165.84,5766.91,TRX20240430-055,107
56,20240118,1195,2200,3121,4052,499,563.87,37.32,174.65,351.9,TRX20240118-056,107
57,20240530,1092,2152,3138,4030,2906,7119.7,350.2,3283.78,3485.72,TRX20240530-057,122
58,20240603,1086,2171,3267,4054,2269,7147.35,661.88,3085.84,3399.63,TRX20240603-058,110
59,20241021,1107,2163,3245,4018,1467,3843.54,211.09,1452.33,2180.12,TRX20241021-059,142
60,20240925,1086,2041,3154,4074,1491,2967.09,59.45,1252.44,1655.2,TRX20240925-060,106
61,20240509,1107,2033,3098,4003,1911,8446.62,415.83,3191.37,4839.42,TRX20240509-061,117
62,20241223,1128,2022,3165,4014,1910,4832.3,73.87,2311.1,2447.33,TRX20241223-062,132
63,20241225,1027,2030,3208,4060,3051,4576.5,237.17,2013.66,2325.67,TRX20241225-063,148
64,20240129,1116,2078,3184,4077,1637,6498.89,528.73,3224.89,2745.27,TRX20240129-064,107
65,20241204,1174,2075,3236,4100,1856,6755.84,538.54,2765.44,3451.86,TRX20241204-065,116
66,20240221,1036,2144,3145,4027,7323,24751.74,1557.55,10252.2,12941.99,TRX20240221-066,137
67,20240613,1145,2173,3156,4051,263,1004.66,49.76,391.87,563.03,TRX20240613-067,131
68,20241214,1100,2017,3227,4028,2137,4637.29,315.36,2030.15,2291.78,TRX20241214-068,103
69,20240328,1165,2118,3168,4017,2021,5274.81,460.88,1596.59,3217.34,TRX20240328-069,127
70,20240605,1140,2050,3076,4096,541,1514.8,28.03,724.94,761.83,TRX20240605-070,130
71,20241122,1036,2117,3175,4014,6122,19223.08,453.91,9183.0,9586.17,TRX20241122-071,147
72,20240831,1147,2086,3202,4012,529,1994.33,44.86,798.79,1150.68,TRX20240831-072,128
73,20240808,1171,2190,3081,4057,2455,8641.6,44.38,3412.45,5184.77,TRX20240808-073,102
74,20241127,1007,2021,3030,4006,3386,6941.3,600.6,2878.1,3462.6,TRX20241127-074,144
75,20240705,1077,2013,3179,4042,3859,7486.46,512.76,3511.69,3462.01,TRX20240705-075,102
76,20240922,1058,2020,3098,4096,1073,2467.9,127.28,1137.38,1203.24,TRX20240922-076,104
77,20240920,1180,2031,3199,4041,2382,5955.0,74.43,1881.78,3998.79,TRX20240920-077,113
78,20240119,1017,2003,3296,4059,2090,6186.4,32.68,2173.6,3980.12,TRX20240119-078,128
79,20240324,1123,2161,3269,4017,2270,3632.0,88.29,1770.6,1773.11,TRX20240324-079,109
80,20240204,1081,2055,3185,4070,1707,4677.18,24.53,1689.93,2962.72,TRX20240204-080,144
81,20240830,1199,2173,3140,4048,464,1132.16,28.78,519.68,583.7,TRX20240830-081,127
82,20241027,1140,2117,3126,4051,412,638.6,52.11,309.0,277.49,TRX20241027-082,125
83,20240526,1039,2028,3022,4002,8988,24087.84,1573.02,10066.56,12448.26,TRX20240526-083,115
84,20241122,1027,2195,3214,4010,4476,11950.92,759.41,4207.44,6984.07,TRX20241122-084,134
85,20241108,1090,2127,3168,4056,3512,11730.08,997.17,4811.44,5921.47,TRX20241108-085,111
86,20240914,1007,2104,3212,4014,5187,17895.15,292.41,5913.18,11689.56,TRX20240914-086,139
87,20240222,1091,2023,3291,4025,1587,3761.19,250.86,1142.64,2367.69,TRX20240222-087,105
88,20240508,1089,2159,3005,4066,3890,7546.6,291.14,3150.9,4104.56,TRX20240508-088,126
89,20241206,1063,2022,3221,4007,5938,8847.62,754.76,4037.84,4055.02,TRX20241206-089,128
90,20241031,1024,2027,3023,4081,2347,8120.62,664.8,2957.22,4498.6,TRX20241031-090,113
91,20240410,1102,2086,3191,4032,814,2482.7,28.84,952.38,1501.48,TRX20240410-091,112
92,20241007,1057,2005,3070,4075,4025,10907.75,395.82,3300.5,7211.43,TRX20241007-092,110
93,20241213,1174,2085,3188,4017,524,1058.48,89.82,408.72,559.94,TRX20241213-093,119
94,20240727,1126,2192,3169,4033,630,1751.4,106.12,592.2,1053.08,TRX20240727-094,119
95,20241028,1049,2134,3167,4100,2059,4365.08,28.62,1523.66,2812.8,TRX20241028-095,122
96,20241029,1091,2162,3273,4063,1675,5410.25,168.03,2227.75,3014.47,TRX20241029-096,134
97,20241201,1079,2001,3293,4052,4664,7648.96,664.91,3498.0,3486.05,TRX20241201-097,126
98,20240506,1131,2058,3160,4066,2762,7954.56,425.29,3342.02,4187.25,TRX20240506-098,108
99,20240515,1180,2131,3260,4089,1188,3932.28,127.27,1936.44,1868.57,TRX20240515-099,128
100,20240711,1057,2163,3257,4016,3548,7450.8,647.81,3689.92,3113.07,TRX20240711-100,127
101,20240112,1036,2150,3037,4022,1984,2499.84,239.5,813.44,1446.9,TRX20240112-101,116
102,20240522,1132,2175,3060,4003,2762,9363.18,806.73,4557.3,3999.15,TRX20240522-102,102
103,20240206,1109,2154,3131,4003,486,2114.1,158.79,972.0,983.31,TRX20240206-103,102
104,20241027,1133,2149,3171,4002,2203,4383.97,169.97,2092.85,2121.15,TRX20241027-104,138
105,20240113,1178,2063,3264,4012,1295,3781.4,36.16,1320.9,2424.34,TRX20240113-105,126
106,20241116,1125,2056,3259,4030,2366,6246.24,8.32,2413.32,3824.6,TRX20241116-106,101
107,20241121,1133,2110,3154,4059,860,2399.4,171.15,808.4,1419.85,TRX20241121-107,125
108,20240412,1104,2149,3245,4037,1215,5807.7,283.81,2830.95,2692.94,TRX20240412-108,117
109,20240529,1001,2187,3256,4073,5905,12931.95,622.11,4546.85,7762.99,TRX20240529-109,133
110,20240708,1097,2077,3208,4076,3362,9379.98,387.2,4673.18,4319.6,TRX20240708-110,121
111,20240519,1020,2122,3133,4070,7527,9860.37,568.7,3763.5,5528.17,TRX20240519-111,143
112,20241205,1188,2070,3280,4097,182,280.28,3.48,92.82,183.98,TRX20241205-112,106
113,20241101,1063,2084,3246,4075,3755,5820.25,74.0,2440.75,3305.5,TRX20241101-113,125
114,20241023,1112,2160,3082,4032,264,747.12,26.35,311.52,409.25,TRX20241023-114,138
115,20240128,1061,2183,3255,4014,926,1018.6,100.24,351.88,566.48,TRX20240128-115,115
116,20240912,1118,2148,3257,4017,1897,7815.64,634.76,3186.96,3993.92,TRX20240912-116,117
117,20240701,1145,2181,3220,4034,864,3041.28,94.95,1520.64,1425.69,TRX20240701-117,142
118,20241002,1011,2159,3063,4088,9511,25299.26,551.98,9701.22,15046.06,TRX20241002-118,123
119,20240130,1128,2143,3244,4096,584,1010.32,89.41,496.4,424.51,TRX20240130-119,105
120,20241231,1199,2101,3143,4091,719,1517.09,51.92,589.58,875.59,TRX20241231-120,116
121,20240729,1041,2033,3116,4076,3011,6865.08,327.93,2740.01,3797.14,TRX20240729-121,126
122,20240308,1070,2097,3264,4057,3262,6393.52,479.75,2413.88,3499.89,TRX20240308-122,113
123,20240102,1040,2097,3204,4061,9381,10881.96,670.09,4221.45,5990.42,TRX20240102-123,119
124,20240910,1167,2043,3218,4034,4293,12235.05,1056.37,4121.28,7057.4,TRX20240910-124,150
125,20240205,1031,2183,3056,4040,9085,31252.4,2067.39,14354.3,14830.71,TRX20240205-125,131
126,20240418,1131,2008,3070,4060,2585,4161.85,324.92,1757.8,2079.13,TRX20240418-126,110
127,20240207,1164,2146,3008,4085,3163,10279.75,484.08,4396.57,5399.1,TRX20240207-127,146
128,20241010,1116,2011,3076,4017,1181,3779.2,290.42,1228.24,2260.54,TRX20241010-128,124
129,20240324,1144,2080,3219,4044,872,2267.2,213.17,784.8,1269.23,TRX20240324-129,120
130,20240830,1105,2109,3053,4036,1460,6059.0,460.35,2204.6,3394.05,TRX20240830-130,145
131,20240707,1167,2162,3011,4097,1106,2278.36,14.78,729.96,1533.62,TRX20240707-131,115
132,20240115,1152,2116,3225,4027,107,410.88,30.09,200.09,180.7,TRX20240115-132,104
133,20241123,1140,2117,3058,4030,1200,2268.0,119.66,744.0,1404.34,TRX20241123-133,133
134,20241021,1005,2111,3013,4083,9894,18996.48,1108.01,8409.9,9478.57,TRX20241021-134,136
135,20240701,1078,2066,3078,4014,6046,14752.24,480.41,5501.86,8769.97,TRX20240701-135,122
136,20240604,1113,2199,3206,4033,1258,6239.68,55.44,2503.42,3680.82,TRX20240604-136,145
137,20240513,1033,2037,3138,4013,8310,19362.3,863.24,6398.7,12100.36,TRX20240513-137,108
138,20240124,1146,2018,3014,4053,921,2219.61,52.13,1077.57,1089.91,TRX20240124-138,137
139,20240316,1094,2142,3124,4023,713,2117.61,22.03,941.16,1154.42,TRX20240316-139,150
140,20240423,1200,2091,3283,4092,366,570.96,47.62,278.16,245.18,TRX20240423-140,107
141,20240620,1029,2181,3033,4098,9023,23098.88,1412.45,10015.53,11670.9,TRX20240620-141,148
142,20240115,1037,2133,3152,4059,1998,5234.76,521.67,1598.4,3114.69,TRX20240115-142,146
143,20240130,1072,2078,3034,4068,5504,8971.52,717.06,3027.2,5227.26,TRX20240130-143,134
144,20240514,1137,2165,3170,4029,2153,6071.46,210.53,2519.01,3341.92,TRX20240514-144,109
145,20240521,1119,2083,3264,4081,1546,4251.5,272.82,1623.3,2355.38,TRX20240521-145,141
146,20240929,1144,2106,3285,4001,898,3151.98,13.3,1149.44,1989.24,TRX20240929-146,121
147,20241217,1027,2128,3269,4047,7561,8921.98,260.27,3931.72,4729.99,TRX20241217-147,128
148,20240621,1105,2023,3249,4051,1754,5963.6,347.48,2718.7,2897.42,TRX20240621-148,106
149,20240607,1097,2133,3228,4053,570,894.9,29.53,421.8,443.57,TRX20240607-149,112
150,20240129,1095,2102,3164,4022,3614,7914.66,614.3,2782.78,4517.58,TRX20240129-150,119
151,20240501,1093,2044,3121,4037,2718,5898.06,573.29,2908.26,2416.51,TRX20240501-151,136
152,20241129,1174,2144,3046,4057,4184,10334.48,88.98,4518.72,5726.78,TRX20241129-152,121
153,20240326,1146,2051,3237,4082,327,1147.77,74.95,451.26,621.56,TRX20240326-153,124
154,20240907,1195,2153,3218,4001,416,936.0,79.29,424.32,432.39,TRX20240907-154,142
155,20240826,1145,2167,3153,4075,396,1116.72,45.23,471.24,600.25,TRX20240826-155,108
156,20241004,1068,2010,3245,4048,5103,11634.84,423.12,4031.37,7180.35,TRX20241004-156,111
157,20240606,1041,2091,3097,4074,1371,2824.26,207.17,904.86,1712.23,TRX20240606-157,131
158,20240210,1087,2007,3164,4074,683,1106.46,57.94,409.8,638.72,TRX20240210-158,145
159,20240912,1044,2189,3126,4011,4926,16994.7,974.93,8177.16,7842.61,TRX20240912-159,141
160,20240826,1012,2141,3120,4064,1268,1344.08,118.3,583.28,642.5,TRX20240826-160,110
161,20240513,1041,2176,3172,4084,4128,9205.44,748.04,4416.96,4040.44,TRX20240513-161,123
162,20240420,1064,2054,3090,4040,6881,11284.84,375.81,4747.89,6161.14,TRX20240420-162,115
163,20240712,1141,2038,3219,4037,713,2951.82,73.88,1190.71,1687.23,TRX20240712-163,142
164,20240705,1150,2092,3108,4043,332,1225.08,10.27,610.88,603.93,TRX20240705-164,115
165,20240817,1047,2135,3048,4042,3794,9674.7,801.83,3869.88,5002.99,TRX20240817-165,147
166,20240921,1161,2073,3114,4002,777,2175.6,65.39,745.92,1364.29,TRX20240921-166,102
167,20240726,1080,2198,3219,4016,2592,5935.68,32.06,2695.68,3207.94,TRX20240726-167,129
168,20240929,1032,2082,3172,4099,6963,7450.41,302.24,2576.31,4571.86,TRX20240929-168,125
169,20240320,1166,2060,3066,4006,4080,14484.0,662.49,5630.4,8191.11,TRX20240320-169,138
170,20240516,1083,2071,3251,4047,1111,2055.35,36.22,933.24,1085.89,TRX20240516-170,114
171,20240619,1036,2052,3233,4063,8371,15570.06,1481.18,5524.86,8564.02,TRX20240619-171,142
172,20240505,1077,2110,3239,4070,3345,4850.25,441.36,1538.7,2870.19,TRX20240505-172,130
173,20240713,1109,2060,3254,4005,483,1217.16,22.64,550.62,643.9,TRX20240713-173,109
174,20241113,1091,2104,3003,4080,2502,4578.66,4.7,1701.36,2872.6,TRX20241113-174,105
175,20240825,1181,2049,3192,4022,780,2184.0,132.51,694.2,1357.29,TRX20240825-175,118
176,20240612,1045,2160,3037,4006,3948,10225.32,727.56,3671.64,5826.12,TRX20240612-176,133
177,20241004,1005,2124,3262,4088,2906,3777.8,214.23,1511.12,2052.45,TRX20241004-177,119
178,20240305,1120,2117,3164,4085,1415,6933.5,576.72,2462.1,3894.68,TRX20240305-178,142
179,20240825,1077,2186,3124,4092,4902,4068.66,180.96,1764.72,2122.98,TRX20240825-179,144
180,20240410,1125,2119,3297,4097,1261,3039.01,253.24,1261.0,1524.77,TRX20240410-180,144
181,20240603,1103,2151,3220,4020,499,1297.4,101.81,628.74,566.85,TRX20240603-181,141
182,20240517,1094,2008,3187,4020,1517,4824.06,149.08,1501.83,3173.15,TRX20240517-182,125
183,20241109,1150,2043,3102,4091,367,1578.1,137.99,756.02,684.09,TRX20241109-183,108
184,20240425,1068,2109,3207,4021,7277,14335.69,1420.89,6985.92,5928.88,TRX20240425-184,131
185,20240705,1150,2114,3300,4040,355,1427.1,24.4,667.4,735.3,TRX20240705-185,118
186,20240323,1116,2092,3219,4060,480,1742.4,59.69,729.6,953.11,TRX20240323-186,105
187,20240727,1045,2001,3253,4071,1150,3795.0,8.76,1713.5,2072.74,TRX20240727-187,135
188,20240609,1038,2058,3084,4014,3280,5477.6,339.08,2230.4,2908.12,TRX20240609-188,137
189,20240924,1101,2113,3099,4072,1981,9191.84,342.96,3625.23,5223.65,TRX20240924-189,145
190,20240825,1151,2192,3269,4046,402,1378.86,134.7,462.3,781.86,TRX20240825-190,116
191,20240919,1092,2127,3026,4042,2736,8755.2,494.02,2653.92,5607.26,TRX20240919-191,148
192,20240515,1020,2102,3265,4089,5355,16332.75,1344.94,5033.7,9954.11,TRX20240515-192,145
193,20240831,1133,2136,3164,4029,601,1899.16,22.99,745.24,1130.93,TRX20240831-193,101
194,20241127,1053,2129,3265,4011,2772,7262.64,630.65,3520.44,3111.55,TRX20241127-194,104
195,20240229,1174,2165,3112,4067,2827,7661.17,559.17,2798.73,4303.27,TRX20240229-195,134
196,20240312,1175,2007,3144,4001,3072,10260.48,66.76,3901.44,6292.28,TRX20240312-196,115
197,20240822,1043,2123,3185,4026,1592,5285.44,508.01,1862.64,2914.79,TRX20240822-197,136
198,20240612,1041,2152,3255,4096,1736,4183.76,325.3,2083.2,1775.26,TRX20240612-198,133
199,20240829,1004,2137,3089,4082,9756,13951.08,1270.75,5463.36,7216.97,TRX20240829-199,148
200,20241215,1187,2089,3035,4012,578,855.44,2.93,312.12,540.39,TRX20241215-200,147
201,20240919,1099,2107,3084,4045,740,1346.8,48.98,555.0,742.82,TRX20240919-201,104
202,20240530,1035,2142,3093,4097,7463,23508.45,1610.48,7463.0,14434.97,TRX20240530-202,135
203,20241019,1035,2046,3068,4081,1380,2359.8,79.18,1117.8,1162.82,TRX20241019-203,103
204,20240108,1010,2178,3226,4090,5843,9524.09,670.18,3038.36,5815.55,TRX20240108-204,125
205,20240222,1022,2055,3122,4047,2177,7227.64,613.97,2960.72,3652.95,TRX20240222-205,132
206,20240612,1115,2155,3090,4052,1644,6115.68,271.6,2646.84,3197.24,TRX20240612-206,102
207,20241210,1156,2018,3029,4026,502,1174.68,6.02,582.32,586.34,TRX20241210-207,135
208,20240924,1113,2002,3098,4048,1779,8023.29,132.74,3380.1,4510.45,TRX20240924-208,122
209,20240211,1103,2067,3111,4066,1944,8242.56,527.92,3674.16,4040.48,TRX20240211-209,127
210,20241024,1130,2103,3209,4070,1013,2927.57,104.19,1114.3,1709.08,TRX20241024-210,150
211,20241001,1127,2164,3213,4023,1525,2699.25,145.95,869.25,1684.05,TRX20241001-211,142
212,20240124,1076,2065,3182,4018,3033,4852.8,152.38,2062.44,2637.98,TRX20240124-212,109
213,20240702,1200,2094,3090,4019,701,1612.3,152.79,504.72,954.79,TRX20240702-213,133
214,20241015,1117,2106,3227,4068,968,2642.64,139.58,1210.0,1293.06,TRX20241015-214,117
215,20241008,1036,2185,3047,4016,9162,21072.6,751.65,9436.86,10884.09,TRX20241008-215,128
216,20241105,1189,2112,3223,4066,55,138.6,6.26,69.3,63.04,TRX20241105-216,118
217,20241111,1064,2149,3067,4097,3119,3181.38,295.68,1434.74,1450.96,TRX20241111-217,131
218,20240711,1034,2194,3270,4066,4366,13971.2,629.68,5806.78,7534.74,TRX20240711-218,149
219,20240923,1114,2169,3072,4012,1979,7322.3,99.18,3225.77,3997.35,TRX20240923-219,145
220,20240512,1142,2122,3058,4053,337,1368.22,136.04,492.02,740.16,TRX20240512-220,129
221,20240309,1163,2011,3019,4024,4288,16851.84,1075.89,7718.4,8057.55,TRX20240309-221,126
222,20240803,1031,2064,3157,4081,6714,12689.46,1261.6,4229.82,7198.04,TRX20240803-222,140
223,20240405,1029,2048,3212,4002,1952,2928.0,73.86,1171.2,1682.94,TRX20240405-223,120
224,20241007,1088,2006,3160,4012,433,987.24,43.75,489.29,454.2,TRX20241007-224,141
225,20240706,1117,2012,3225,4027,1152,3432.96,319.4,1198.08,1915.48,TRX20240706-225,106
226,20240124,1140,2105,3164,4057,2338,5774.86,265.9,2127.58,3381.38,TRX20240124-226,109
227,20240416,1112,2087,3126,4005,612,2399.04,232.99,1083.24,1082.81,TRX20240416-227,123
228,20240405,1026,2075,3058,4065,8433,16022.7,151.72,7674.03,8196.95,TRX20240405-228,140
229,20241211,1162,2004,3019,4034,2493,6307.29,442.83,3016.53,2847.93,TRX20241211-229,132
230,20241118,1056,2072,3040,4018,3117,9444.51,234.23,4675.5,4534.78,TRX20241118-230,149
231,20240313,1182,2081,3142,4084,623,1763.09,4.02,629.23,1129.84,TRX20240313-231,124
232,20241218,1021,2185,3246,4080,2911,9810.07,915.96,3289.43,5604.68,TRX20241218-232,104
233,20240808,1138,2023,3020,4057,1905,3295.65,316.98,1162.05,1816.62,TRX20240808-233,135
234,20240527,1190,2188,3141,4059,205,612.95,47.39,291.1,274.46,TRX20240527-234,137
235,20240607,1059,2058,3118,4090,4686,10918.38,385.22,4217.4,6315.76,TRX20240607-235,149
236,20240823,1040,2072,3127,4065,8050,21574.0,839.57,8533.0,12201.43,TRX20240823-236,140
237,20241229,1018,2187,3298,4099,5862,10317.12,321.09,3927.54,6068.49,TRX20241229-237,121
238,20241206,1152,2031,3020,4010,483,1415.19,75.42,661.71,678.06,TRX20241206-238,146
239,20240601,1002,2023,3248,4006,2342,6463.92,471.96,2201.48,3790.48,TRX20240601-239,111
240,20240607,1019,2068,3191,4031,9682,33306.08,2528.54,11521.58,19255.96,TRX20240607-240,133
241,20240113,1024,2138,3293,4077,5504,9411.84,416.42,4128.0,4867.42,TRX20240113-241,137
242,20240315,1127,2010,3159,4026,2414,4248.64,385.43,1713.94,2149.27,TRX20240315-242,103
243,20240716,1037,2076,3263,4031,3171,8751.96,454.47,3836.91,4460.58,TRX20240716-243,121
244,20240215,1092,2017,3138,4080,592,1438.56,49.54,651.2,737.82,TRX20240215-244,114
245,20240502,1073,2183,3127,4047,3157,2841.3,191.88,1325.94,1323.48,TRX20240502-245,115
246,20241024,1079,2025,3190,4086,1537,1844.4,88.04,599.43,1156.93,TRX20241024-246,112
247,20240604,1091,2185,3147,4013,817,2557.21,25.65,1184.65,1346.91,TRX20240604-247,123
248,20240926,1041,2169,3053,4032,4437,14775.21,960.04,4747.59,9067.58,TRX20240926-248,102
249,20241207,1062,2073,3143,4016,4845,10852.8,956.9,3779.1,6116.8,TRX20241207-249,113
250,20240523,1079,2073,3095,4065,5294,4923.42,164.57,1958.78,2800.07,TRX20240523-250,127
251,20240416,1001,2112,3157,4032,7909,14157.11,216.54,5457.21,8483.36,TRX20240416-251,119
252,20241227,1001,2012,3201,4084,5352,8884.32,62.02,3853.44,4968.86,TRX20241227-252,131
253,20241216,1090,2188,3096,4041,2408,8090.88,85.14,3250.8,4754.94,TRX20241216-253,123
254,20240129,1061,2118,3022,4026,5588,8214.36,514.88,3855.72,3843.76,TRX20240129-254,129
255,20240105,1068,2134,3050,4041,4540,5175.6,165.79,1725.2,3284.61,TRX20240105-255,108
256,20240512,1164,2127,3166,4041,2557,7082.89,298.56,2403.58,4380.75,TRX20240512-256,119
257,20240331,1038,2052,3110,4049,5315,6537.45,186.21,2870.1,3481.14,TRX20240331-257,114
258,20241104,1181,2123,3041,4023,300,636.0,17.13,306.0,312.87,TRX20241104-258,145
259,20241121,1083,2056,3104,4058,3186,4779.0,177.05,2102.76,2499.19,TRX20241121-259,132
260,20240101,1102,2056,3101,4078,215,621.35,47.95,219.3,354.1,TRX20240101-260,110
261,20241012,1174,2052,3039,4097,2547,5246.82,407.53,1630.08,3209.21,TRX20241012-261,141
262,20240822,1051,2046,3175,4099,3752,13169.52,1220.41,6415.92,5533.19,TRX20240822-262,130
263,20241214,1161,2048,3227,4093,1373,4187.65,258.95,1496.57,2432.13,TRX20241214-263,145
264,20240412,1029,2081,3194,4069,7261,23453.03,2215.8,7261.0,13976.23,TRX20240412-264,106
265,20240217,1108,2053,3147,4092,1705,8235.15,821.23,2642.75,4771.17,TRX20240217-265,112
266,20240606,1060,2192,3138,4067,4593,16626.66,391.89,7486.59,8748.18,TRX20240606-266,133
267,20240528,1186,2156,3145,4065,340,547.4,13.87,221.0,312.53,TRX20240528-267,133
268,20240915,1044,2068,3029,4079,3742,14855.74,1386.12,6436.24,7033.38,TRX20240915-268,130
269,20240710,1128,2129,3042,4083,1032,2497.44,29.55,774.0,1693.89,TRX20240710-269,122
270,20240609,1033,2086,3105,4002,9270,28273.5,1473.54,10289.7,16510.26,TRX20240609-270,123
271,20240220,1057,2007,3104,4008,4675,13931.5,83.23,6404.75,7443.52,TRX20240220-271,141
272,20240704,1157,2076,3061,4028,302,1111.36,18.82,431.86,660.68,TRX20240704-272,125
273,20240423,1058,2127,3171,4070,830,2705.8,173.91,1303.1,1228.79,TRX20240423-273,106
274,20241227,1157,2040,3216,4050,175,619.5,11.7,308.0,299.8,TRX20241227-274,144
275,20240708,1135,2080,3271,4062,1311,3736.35,241.09,1193.01,2302.25,TRX20240708-275,106
276,20241231,1156,2055,3131,4026,638,1984.18,45.67,612.48,1326.03,TRX20241231-276,126
277,20241229,1158,2105,3154,4057,559,1185.08,75.55,447.2,662.33,TRX20241229-277,126
278,20240507,1088,2117,3171,4058,554,1595.52,138.83,709.12,747.57,TRX20240507-278,139
279,20240924,1032,2163,3045,4079,9044,15646.12,99.18,4883.76,10663.18,TRX20240924-279,135
280,20240719,1133,2079,3202,4041,1336,3046.08,13.48,1175.68,1856.92,TRX20240719-280,144
281,20240118,1017,2161,3251,4030,5906,15414.66,1054.55,6260.36,8099.75,TRX20240118-281,119
282,20240112,1087,2086,3056,4064,1203,3019.53,284.84,1455.63,1279.06,TRX20240112-282,123
283,20240316,1166,2033,3047,4044,3761,9853.82,351.35,4212.32,5290.15,TRX20240316-283,143
284,20240731,1105,2100,3161,4080,1119,3424.14,38.97,1398.75,1986.42,TRX20240731-284,102
285,20240211,1024,2104,3058,4049,2382,5121.3,400.83,2405.82,2314.65,TRX20240211-285,107
286,20240930,1115,2085,3083,4003,1504,6181.44,213.22,2737.28,3230.94,TRX20240930-286,116
287,20241108,1034,2134,3125,4070,1944,5715.36,513.05,2488.32,2713.99,TRX20241108-287,126
288,20241016,1115,2019,3006,4059,372,1086.24,66.29,431.52,588.43,TRX20241016-288,149
289,20240722,1104,2159,3119,4017,1702,7795.16,499.52,3386.98,3908.66,TRX20240722-289,136
290,20240208,1069,2182,3201,4047,6465,11378.4,863.04,3555.75,6959.61,TRX20240208-290,102
291,20240225,1050,2014,3150,4002,4724,18754.28,191.07,8550.44,10012.77,TRX20240225-291,129
292,20240221,1027,2017,3027,4029,9266,24740.22,2084.27,9080.68,13575.27,TRX20240221-292,104
293,20240910,1183,2025,3081,4091,307,776.71,12.66,288.58,475.47,TRX20240910-293,120
294,20240203,1188,2133,3168,4001,866,2095.72,111.41,917.96,1066.35,TRX20240203-294,112
295,20240923,1011,2043,3044,4071,4047,5342.04,145.63,2225.85,2970.56,TRX20240923-295,112
296,20241002,1067,2096,3161,4071,2735,3746.95,38.45,1750.4,1958.1,TRX20241002-296,104
297,20241101,1147,2075,3239,4092,310,877.3,39.98,347.2,490.12,TRX20241101-297,104
298,20240501,1157,2111,3288,4059,962,2645.5,244.63,1192.88,1207.99,TRX20240501-298,121
299,20240816,1158,2139,3019,4092,626,1765.32,24.29,694.86,1046.17,TRX20240816-299,105
300,20241120,1190,2019,3076,4003,88,116.16,9.29,42.24,64.63,TRX20241120-300,140
301,20240923,1167,2197,3005,4085,3688,10326.4,546.21,3724.88,6055.31,TRX20240923-301,148
302,20240609,1067,2186,3034,4083,1756,3037.88,62.56,1194.08,1781.24,TRX20240609-302,109
303,20241221,1173,2110,3121,4081,2804,6673.52,666.26,3336.76,2670.5,TRX20241221-303,123
304,20241226,1026,2175,3079,4059,4894,10375.28,608.0,4013.08,5754.2,TRX20241226-304,128
305,20241205,1126,2057,3252,4079,1829,3255.62,228.44,1518.07,1509.11,TRX20241205-305,123
306,20240227,1100,2082,3064,4028,550,1188.0,68.51,533.5,585.99,TRX20240227-306,114
307,20240702,1179,2149,3202,4024,896,2777.6,57.62,976.64,1743.34,TRX20240702-307,137
308,20240111,1164,2117,3284,4052,919,3363.54,195.71,1571.49,1596.34,TRX20240111-308,112
309,20240722,1192,2082,3141,4071,748,1428.68,46.86,531.08,850.74,TRX20240722-309,139
310,20240104,1143,2023,3083,4063,521,1734.93,118.68,604.36,1011.89,TRX20240104-310,118
311,20241004,1023,2186,3188,4031,3602,12282.82,127.92,4070.26,8084.64,TRX20241004-311,112
312,20240528,1171,2132,3167,4057,1421,4646.67,326.57,1804.67,2515.43,TRX20240528-312,102
313,20240217,1169,2200,3242,4021,1406,4386.72,123.75,1968.4,2294.57,TRX20240217-313,135
314,20240423,1133,2113,3252,4006,2220,4662.0,164.59,1642.8,2854.61,TRX20240423-314,127
315,20240922,1082,2162,3286,4031,713,1162.19,21.92,549.01,591.26,TRX20240922-315,146
316,20240718,1091,2140,3298,4063,670,1949.7,118.43,589.6,1241.67,TRX20240718-316,145
317,20240218,1001,2049,3102,4044,5539,16284.66,973.44,7588.43,7722.79,TRX20240218-317,136
318,20240627,1179,2079,3044,4033,2024,6436.32,7.36,2833.6,3595.36,TRX20240627-318,143
319,20240903,1086,2155,3050,4030,1089,2014.65,112.27,805.86,1096.52,TRX20240903-319,108
320,20241212,1155,2127,3021,4088,854,3791.76,12.63,1673.84,2105.29,TRX20241212-320,106
321,20240120,1119,2037,3048,4006,1523,4325.32,196.53,2101.74,2027.05,TRX20240120-321,118
322,20240421,1069,2059,3176,4079,2145,4311.45,392.25,1973.4,1945.8,TRX20240421-322,141
323,20240220,1103,2043,3041,4088,484,2390.96,50.75,890.56,1449.65,TRX20240220-323,118
324,20240105,1062,2117,3050,4028,3272,5431.52,289.04,1832.32,3310.16,TRX20240105-324,105
325,20241006,1182,2100,3249,4098,210,472.5,31.59,163.8,277.11,TRX20241006-325,108
326,20240425,1054,2155,3123,4007,2736,7660.8,117.55,3529.44,4013.81,TRX20240425-326,143
327,20240715,1188,2153,3270,4047,883,2631.34,82.33,1298.01,1251.0,TRX20240715-327,144
328,20241027,1004,2178,3085,4085,9704,18631.68,1265.78,9218.8,8147.1,TRX20241027-328,141
329,20240217,1121,2043,3279,4058,1904,4607.68,261.23,2151.52,2194.93,TRX20240217-329,142
330,20240619,1195,2075,3176,4070,699,1866.33,74.51,789.87,1001.95,TRX20240619-330,110
331,20240812,1024,2188,3128,4084,1927,3642.03,199.87,1387.44,2054.72,TRX20240812-331,106
332,20240710,1145,2195,3245,4042,314,1309.38,82.46,602.88,624.04,TRX20240710-332,126
333,20240201,1168,2063,3148,4097,4471,16632.12,1042.65,7198.31,8391.16,TRX20240201-333,126
334,20240110,1135,2064,3106,4061,1534,2347.02,60.57,797.68,1488.77,TRX20240110-334,130
335,20241106,1022,2142,3194,4073,8185,20298.8,669.06,6629.85,12999.89,TRX20241106-335,115
336,20240525,1142,2122,3111,4076,534,1772.88,33.51,672.84,1066.53,TRX20240525-336,111
337,20240701,1089,2199,3289,4079,3394,11471.72,56.32,4819.48,6595.92,TRX20240701-337,128
338,20240311,1155,2091,3288,4041,145,510.4,38.77,243.6,228.03,TRX20240311-338,126
339,20240417,1050,2067,3098,4062,3685,12123.65,21.96,4053.5,8048.19,TRX20240417-339,138
340,20240924,1193,2045,3298,4071,470,1029.3,96.89,474.7,457.71,TRX20240924-340,150
341,20240205,1014,2024,3143,4045,8889,23822.52,2052.52,11200.14,10569.86,TRX20240205-341,105
342,20240706,1038,2030,3183,4035,4282,13145.74,620.78,4410.46,8114.5,TRX20240706-342,121
343,20240611,1180,2052,3175,4025,1344,2741.76,270.14,1344.0,1127.62,TRX20240611-343,102
344,20240901,1172,2083,3184,4096,1773,4733.91,257.44,1436.13,3040.34,TRX20240901-344,111
345,20240208,1170,2098,3143,4093,4132,16238.76,630.72,4999.72,10608.32,TRX20240208-345,112
346,20240515,1057,2064,3222,4036,3624,10292.16,95.5,4566.24,5630.42,TRX20240515-346,123
347,20240607,1179,2086,3255,4039,4057,10953.9,344.85,4665.55,5943.5,TRX20240607-347,125
348,20240709,1128,2184,3014,4079,1848,2845.92,157.44,1145.76,1542.72,TRX20240709-348,133
349,20241228,1118,2167,3291,4058,271,1230.34,77.03,384.82,768.49,TRX20241228-349,131
350,20240111,1147,2129,3067,4080,322,875.84,52.11,328.44,495.29,TRX20240111-350,112
351,20240529,1076,2200,3287,4061,2369,4074.68,306.81,1610.92,2156.95,TRX20240529-351,140
352,20240101,1145,2150,3174,4049,794,3048.96,293.57,1333.92,1421.47,TRX20240101-352,127
353,20240708,1169,2131,3267,4033,534,1901.04,47.13,945.18,908.73,TRX20240708-353,103
354,20240528,1089,2182,3002,4060,720,2440.8,29.26,871.2,1540.34,TRX20240528-354,116
355,20240122,1107,2027,3051,4088,979,4209.7,269.36,2006.95,1933.39,TRX20240122-355,109
356,20240304,1183,2113,3023,4036,114,231.42,4.32,82.08,145.02,TRX20240304-356,117
357,20241111,1177,2122,3078,4011,906,3016.98,111.0,1014.72,1891.26,TRX20241111-357,107
358,20240824,1101,2120,3040,4025,1397,6174.74,437.05,3031.49,2706.2,TRX20240824-358,107
359,20240410,1029,2023,3144,4078,8023,9467.14,487.54,3449.89,5529.71,TRX20240410-359,124
360,20240607,1199,2175,3161,4048,735,2087.4,73.81,904.05,1109.54,TRX20240607-360,140
361,20241124,1112,2046,3253,4029,1103,5206.16,404.83,1830.98,2970.35,TRX20241124-361,114
362,20241211,1050,2028,3104,4059,3655,10234.0,484.49,3801.2,5948.31,TRX20241211-362,134
363,20240411,1020,2074,3156,4060,5121,7579.08,418.83,2560.5,4599.75,TRX20240411-363,132
364,20240506,1098,2086,3152,4004,3668,12727.96,1112.83,5538.68,6076.45,TRX20240506-364,109
365,20240402,1115,2197,3281,4080,908,4158.64,229.5,1570.84,2358.3,TRX20240402-365,126
366,20240325,1079,2032,3237,4042,4555,3735.1,295.92,1184.3,2254.88,TRX20240325-366,133
367,20241015,1038,2160,3115,4078,5368,6226.88,214.34,2039.84,3972.7,TRX20241015-367,123
368,20240925,1084,2107,3077,4039,1312,2860.16,198.15,1246.4,1415.61,TRX20240925-368,127
369,20240802,1018,2138,3195,4093,7095,12841.95,975.83,4895.55,6970.57,TRX20240802-369,115
370,20240901,1052,2178,3281,4042,3333,7199.28,442.39,2933.04,3823.85,TRX20240901-370,119
371,20240922,1055,2140,3021,4098,1265,2960.1,282.49,1113.2,1564.41,TRX20240922-371,142
372,20240904,1104,2156,3276,4022,1864,5107.36,181.2,2218.16,2708.0,TRX20240904-372,144
373,20240127,1011,2003,3146,4100,7047,7963.11,701.75,3382.56,3878.8,TRX20240127-373,126
374,20240415,1175,2102,3263,4079,923,3664.31,282.4,1633.71,1748.2,TRX20240415-374,133
375,20240707,1184,2105,3131,4067,78,195.78,7.26,69.42,119.1,TRX20240707-375,149
376,20241016,1032,2001,3137,4008,5645,6209.5,247.85,2483.8,3477.85,TRX20241016-376,139
377,20240716,1002,2183,3150,4074,2117,4953.78,8.14,1820.62,3125.02,TRX20240716-377,135
378,20240116,1055,2142,3188,4022,1597,4487.57,140.68,1612.97,2733.92,TRX20240116-378,135
379,20240830,1072,2169,3236,4084,2526,1818.72,31.28,808.32,979.12,TRX20240830-379,135
380,20241005,1088,2145,3157,4096,2778,7639.5,70.96,3472.5,4096.04,TRX20241005-380,136
381,20241128,1066,2127,3069,4072,6517,12577.81,1142.16,5213.6,6222.05,TRX20241128-381,116
382,20240726,1094,2119,3283,4031,1622,5303.94,354.47,2514.1,2435.37,TRX20240726-382,136
383,20241106,1179,2014,3192,4033,4699,14143.99,746.58,6249.67,7147.74,TRX20241106-383,141
384,20240312,1127,2050,3073,4084,1747,3371.71,122.87,1153.02,2095.82,TRX20240312-384,130
385,20241211,1179,2127,3057,4024,830,1942.2,107.38,954.5,880.32,TRX20241211-385,132
386,20240531,1070,2121,3173,4081,4031,9150.37,272.52,3224.8,5653.05,TRX20240531-386,107
387,20240427,1022,2109,3087,4030,8252,23600.72,2215.41,9572.32,11812.99,TRX20240427-387,121
388,20240402,1017,2051,3047,4010,6114,14306.76,327.83,5074.62,8904.31,TRX20240402-388,108
389,20241209,1107,2118,3069,4047,663,1962.48,3.26,623.22,1336.0,TRX20241209-389,114
390,20240812,1018,2059,3249,4080,3289,11248.38,85.03,3486.34,7677.01,TRX20240812-390,143
391,20240412,1085,2197,3268,4020,1941,4192.56,62.85,2057.46,2072.25,TRX20240412-391,136
392,20240215,1033,2003,3055,4021,7789,8178.45,803.66,3660.83,3713.96,TRX20240215-392,150
393,20240528,1039,2018,3098,4006,6603,13734.24,167.91,4820.19,8746.14,TRX20240528-393,146
394,20240630,1162,2146,3051,4031,975,3393.0,2.04,1472.25,1918.71,TRX20240630-394,139
395,20240418,1039,2017,3236,4054,6643,10828.09,604.62,4583.67,5639.8,TRX20240418-395,116
396,20240129,1070,2144,3191,4032,6616,5822.08,10.12,2050.96,3761.0,TRX20240129-396,143
397,20240727,1013,2079,3165,4026,4117,9057.4,123.86,3746.47,5187.07,TRX20240727-397,109
398,20240930,1107,2171,3004,4078,1297,6368.27,285.27,3099.83,2983.17,TRX20240930-398,120
399,20240426,1176,2125,3209,4074,857,2211.06,107.1,822.72,1281.24,TRX20240426-399,130
400,20240408,1126,2198,3017,4019,1484,3279.64,180.65,1439.48,1659.51,TRX20240408-400,145
401,20240626,1094,2124,3142,4066,1846,3655.08,327.53,1162.98,2164.57,TRX20240626-401,124
402,20240905,1073,2157,3031,4062,6454,10713.64,71.11,3549.7,7092.83,TRX20240905-402,130
403,20240515,1099,2007,3042,4036,1974,5408.76,241.83,1756.86,3410.07,TRX20240515-403,148
404,20240806,1043,2189,3179,4016,3549,12173.07,1071.76,5181.54,5919.77,TRX20240806-404,124
405,20240630,1037,2026,3268,4080,3425,5993.75,172.37,2294.75,3526.63,TRX20240630-405,129
406,20240504,1091,2181,3256,4061,2813,7735.75,196.91,3375.6,4163.24,TRX20240504-406,125
407,20240317,1014,2088,3265,4080,9538,22414.3,1867.9,7630.4,12916.0,TRX20240317-407,132
408,20240818,1082,2180,3188,4038,3452,10873.8,302.66,5316.08,5255.06,TRX20240818-408,133
409,20240511,1155,2038,3195,4010,764,2490.64,221.46,1176.56,1092.62,TRX20240511-409,147
410,20240129,1066,2186,3058,4026,4711,6406.96,307.16,3062.15,3037.65,TRX20240129-410,145
411,20240401,1117,2044,3200,4052,648,2818.8,222.96,1296.0,1299.84,TRX20240401-411,141
412,20240610,1090,2082,3218,4070,2951,6108.57,476.19,1888.64,3743.74,TRX20240610-412,125
413,20240407,1026,2083,3286,4006,1103,1202.27,110.32,518.41,573.54,TRX20240407-413,109
414,20240307,1128,2012,3187,4024,391,817.19,12.17,344.08,460.94,TRX20240307-414,120
415,20240909,1068,2086,3181,4027,6514,15242.76,517.78,5732.32,8992.66,TRX20240909-415,104
416,20240702,1067,2150,3141,4062,6072,7590.0,17.14,3096.72,4476.14,TRX20240702-416,142
417,20240109,1182,2059,3256,4077,940,2594.4,247.76,846.0,1500.64,TRX20240109-417,122
418,20240309,1107,2105,3154,4094,391,1321.58,27.87,434.01,859.7,TRX20240309-418,109
419,20240229,1063,2166,3039,4063,3590,2620.7,84.2,897.5,1639.0,TRX20240229-419,118
420,20241025,1026,2199,3100,4078,5386,10017.96,784.52,3770.2,5463.24,TRX20241025-420,147
421,20240918,1108,2034,3028,4087,1778,7325.36,612.58,2969.26,3743.52,TRX20240918-421,121
422,20240607,1136,2159,3009,4007,2727,8235.54,730.29,2590.65,4914.6,TRX20240607-422,113
423,20240902,1136,2191,3109,4010,500,1165.0,35.97,575.0,554.03,TRX20240902-423,126
424,20240524,1141,2061,3113,4086,593,1446.92,79.17,450.68,917.07,TRX20240524-424,116
425,20241125,1017,2091,3083,4045,6804,10478.16,4.08,4354.56,6119.52,TRX20241125-425,147
426,20241230,1164,2070,3170,4078,4846,11194.26,600.03,5427.52,5166.71,TRX20241230-426,107
427,20240730,1007,2041,3050,4005,6116,16268.56,1297.71,5198.6,9772.25,TRX20240730-427,132
428,20241126,1015,2117,3116,4008,7267,21074.3,984.91,6685.64,13403.75,TRX20241126-428,135
429,20240727,1056,2150,3038,4062,1703,6113.77,122.25,2929.16,3062.36,TRX20240727-429,101
430,20241231,1097,2073,3195,4053,3599,7629.88,450.68,2411.33,4767.87,TRX20241231-430,111
431,20240912,1026,2055,3185,4097,6969,14704.59,270.84,4947.99,9485.76,TRX20240912-431,115
432,20240326,1166,2158,3147,4086,4902,16911.9,1349.46,8284.38,7278.06,TRX20240326-432,138
433,20240924,1147,2040,3232,4093,120,308.4,0.56,104.4,203.44,TRX20240924-433,112
434,20240824,1035,2127,3062,4050,6055,12170.55,656.67,4965.1,6548.78,TRX20240824-434,148
435,20241023,1189,2071,3064,4058,841,1833.38,114.12,613.93,1105.33,TRX20241023-435,115
436,20241201,1002,2193,3248,4067,6533,18749.71,928.33,8427.57,9393.81,TRX20241201-436,142
437,20240817,1092,2082,3284,4032,3068,5553.08,106.74,2638.48,2807.86,TRX20240817-437,127
438,20241123,1062,2144,3078,4036,873,2007.9,106.98,846.81,1054.11,TRX20241123-438,136
439,20240417,1090,2065,3214,4070,1589,2494.73,80.28,1191.75,1222.7,TRX20240417-439,124
440,20240512,1172,2092,3067,4074,3618,13205.7,355.07,5499.36,7351.27,TRX20240512-440,134
441,20241119,1100,2107,3266,4067,3119,7329.65,174.47,3524.47,3630.71,TRX20241119-441,129
442,20240115,1074,2068,3063,4034,3936,7360.32,36.37,2243.52,5080.43,TRX20240115-442,144
443,20240116,1178,2148,3267,4072,4313,10653.11,137.89,4787.43,5727.79,TRX20240116-443,114
444,20240823,1098,2089,3070,4017,2583,6689.97,581.48,2402.19,3706.3,TRX20240823-444,118
445,20240806,1183,2200,3264,4009,479,981.95,85.84,378.41,517.7,TRX20240806-445,131
446,20240810,1151,2018,3202,4063,731,1849.43,94.22,635.97,1119.24,TRX20240810-446,122
447,20240827,1139,2039,3248,4061,1164,2234.88,188.97,1094.16,951.75,TRX20240827-447,113
448,20241005,1050,2015,3157,4090,2810,5872.9,206.25,2416.6,3250.05,TRX20241005-448,122
449,20240427,1140,2095,3065,4019,775,2534.25,238.0,844.75,1451.5,TRX20240427-449,122
450,20241020,1134,2051,3104,4026,2294,7730.78,258.19,2752.8,4719.79,TRX20241020-450,119
451,20240324,1002,2089,3154,4088,3167,5130.54,488.26,2311.91,2330.37,TRX20240324-451,132
452,20240820,1019,2082,3253,4093,7005,16952.1,659.81,7425.3,8866.99,TRX20240820-452,101
453,20240425,1042,2038,3078,4023,4884,10109.88,561.58,3711.84,5836.46,TRX20240425-453,144
454,20240701,1194,2090,3187,4055,353,977.81,19.06,448.31,510.44,TRX20240701-454,112
455,20240409,1161,2040,3232,4058,4629,16016.34,1293.7,6850.92,7871.72,TRX20240409-455,124
456,20240927,1116,2137,3172,4025,1358,3517.22,162.3,1181.46,2173.46,TRX20240927-456,105
457,20240715,1054,2168,3182,4008,4748,17472.64,1299.79,7311.92,8860.93,TRX20240715-457,123
458,20240224,1108,2157,3201,4081,1602,7833.78,296.09,3860.82,3676.87,TRX20240224-458,150
459,20240807,1132,2040,3077,4016,1401,4749.39,431.63,2185.56,2132.2,TRX20240807-459,137
460,20240914,1058,2025,3086,4075,1405,2866.2,157.26,1138.05,1570.89,TRX20240914-460,106
461,20240624,1069,2123,3227,4029,4277,3549.91,208.23,1069.25,2272.43,TRX20240624-461,133
462,20240817,1120,2064,3052,4050,437,2163.15,212.97,852.15,1098.03,TRX20240817-462,101
463,20241019,1091,2179,3285,4042,2185,3823.75,105.1,1398.4,2320.25,TRX20241019-463,127
464,20240725,1119,2031,3293,4064,1075,3837.75,59.09,1763.0,2015.66,TRX20240725-464,118
465,20241115,1107,2011,3163,4074,739,2091.37,97.64,724.22,1269.51,TRX20241115-465,123
466,20240901,1174,2159,3118,4055,1829,4133.54,396.92,1627.81,2108.81,TRX20240901-466,105
467,20240221,1070,2181,3044,4075,2189,2429.79,68.33,853.71,1507.75,TRX20240221-467,117
468,20240831,1038,2045,3115,4020,4847,10372.58,240.82,3926.07,6205.69,TRX20240831-468,118
469,20240612,1082,2005,3089,4084,1486,4101.36,93.13,1783.2,2225.03,TRX20240612-469,108
470,20240402,1127,2141,3111,4001,2773,7875.32,107.65,3715.82,4051.85,TRX20240402-470,144
471,20240206,1118,2062,3112,4036,1354,5416.0,334.83,2504.9,2576.27,TRX20240206-471,117
472,20241001,1182,2188,3129,4031,703,920.93,81.21,379.62,460.1,TRX20241001-472,115
473,20240814,1021,2044,3202,4050,4334,13045.34,67.71,4073.96,8903.67,TRX20240814-473,132
474,20241016,1153,2001,3195,4086,488,1351.76,89.04,590.48,672.24,TRX20241016-474,128
475,20240118,1031,2162,3136,4097,5637,6087.96,347.82,2536.65,3203.49,TRX20240118-475,121
476,20240515,1144,2003,3093,4035,107,372.36,26.4,171.2,174.76,TRX20240515-476,143
477,20241122,1033,2196,3056,4032,4638,9600.66,868.13,3988.68,4743.85,TRX20241122-477,122
478,20240406,1063,2145,3077,4036,4826,11727.18,1135.1,4005.58,6586.5,TRX20240406-478,144
479,20240713,1151,2148,3293,4061,785,1640.65,159.94,800.7,680.01,TRX20240713-479,119
480,20240608,1183,2192,3083,4059,775,945.5,70.21,379.75,495.54,TRX20240608-480,144
481,20240819,1013,2003,3084,4071,4048,8460.32,373.97,3562.24,4524.11,TRX20240819-481,103
482,20241222,1128,2020,3198,4031,2734,6151.5,38.69,2241.88,3870.93,TRX20241222-482,101
483,20240421,1200,2144,3257,4066,663,1074.06,68.9,444.21,560.95,TRX20240421-483,135
484,20240201,1175,2123,3066,4017,3368,7039.12,258.04,2896.48,3884.6,TRX20240201-484,112
485,20240920,1111,2151,3136,4061,264,823.68,0.72,388.08,434.88,TRX20240920-485,111
486,20240520,1027,2189,3129,4003,6121,14384.35,140.3,6977.94,7266.11,TRX20240520-486,145
487,20241023,1142,2185,3090,4066,701,2117.02,86.48,792.13,1238.41,TRX20241023-487,143
488,20240316,1146,2069,3102,4024,674,2433.14,153.08,957.08,1322.98,TRX20240316-488,130
489,20240228,1039,2058,3289,4004,1290,3483.0,35.12,1302.9,2144.98,TRX20240228-489,136
490,20241209,1169,2075,3125,4046,4812,15639.0,1333.33,5966.88,8338.79,TRX20241209-490,106
491,20240219,1133,2046,3285,4043,1494,5109.48,412.2,2420.28,2277.0,TRX20240219-491,112
492,20240319,1191,2002,3211,4034,119,121.38,5.28,42.84,73.26,TRX20240319-492,129
493,20241219,1045,2068,3231,4042,1051,2701.07,79.55,861.82,1759.7,TRX20241219-493,113
494,20240901,1059,2033,3055,4074,735,1514.1,127.63,646.8,739.67,TRX20240901-494,122
495,20240911,1002,2145,3259,4051,8731,16414.28,815.72,6024.39,9574.17,TRX20240911-495,106
496,20241218,1022,2189,3250,4007,3041,5990.77,255.16,2767.31,2968.3,TRX20241218-496,139
497,20240328,1054,2113,3015,4087,2356,7869.04,311.89,2756.52,4800.63,TRX20240328-497,101
498,20240107,1047,2035,3244,4085,985,2925.45,9.21,1428.25,1487.99,TRX20240107-498,108
499,20240711,1133,2166,3104,4072,1637,4861.89,406.91,1473.3,2981.68,TRX20240711-499,146
500,20240623,1180,2024,3017,4076,1192,4207.76,419.56,1275.44,2512.76,TRX20240623-500,125
501,20240403,1056,2155,3062,4051,1602,4533.66,97.3,2002.5,2433.86,TRX20240403-501,141
502,20240214,1159,2105,3172,4035,701,1542.2,58.42,672.96,810.82,TRX20240214-502,128
503,20240329,1020,2023,3180,4058,7713,14577.57,1219.86,4859.19,8498.52,TRX20240329-503,145
504,20240428,1013,2018,3215,4049,1913,6542.46,633.23,2352.99,3556.24,TRX20240428-504,132
505,20240608,1117,2054,3085,4094,990,4920.3,94.56,1485.0,3340.74,TRX20240608-505,132
506,20240207,1155,2041,3184,4097,719,2437.41,38.3,985.03,1414.08,TRX20240207-506,142
507,20240206,1151,2171,3236,4089,832,2387.84,196.36,1164.8,1026.68,TRX20240206-507,102
508,20240318,1142,2168,3266,4027,324,1046.52,73.18,466.56,506.78,TRX20240318-508,124
509,20240112,1125,2087,3014,4021,1528,4568.72,106.27,2108.64,2353.81,TRX20240112-509,103
510,20241010,1123,2163,3170,4056,326,1020.38,34.44,368.38,617.56,TRX20241010-510,105
511,20240625,1141,2109,3135,4030,759,3020.82,98.49,918.39,2003.94,TRX20240625-511,116
512,20241118,1107,2115,3038,4083,1498,5198.06,220.51,1887.48,3090.07,TRX20241118-512,150
513,20240510,1133,2134,3238,4002,535,850.65,6.82,310.3,533.53,TRX20240510-513,143
514,20240202,1011,2111,3183,4085,9751,16869.23,1060.76,6825.7,8982.77,TRX20240202-514,129
515,20240415,1087,2130,3245,4050,1069,3335.28,97.99,1443.15,1794.14,TRX20240415-515,104
516,20240821,1150,2072,3161,4048,164,342.76,3.36,154.16,185.24,TRX20240821-516,129
517,20240122,1136,2139,3218,4032,1350,3415.5,97.3,1660.5,1657.7,TRX20240122-517,120
518,20240314,1023,2028,3195,4040,1868,3194.28,257.96,1401.0,1535.32,TRX20240314-518,148
519,20240228,1025,2186,3063,4083,1900,5073.0,241.54,1520.0,3311.46,TRX20240228-519,119
520,20241217,1047,2121,3222,4092,1339,3280.55,130.16,1553.24,1597.15,TRX20241217-520,137
521,20240720,1002,2034,3152,4030,7310,10234.0,543.95,3508.8,6181.25,TRX20240720-521,135
522,20240508,1135,2146,3255,4050,311,765.06,34.1,261.24,469.72,TRX20240508-522,113
523,20241215,1127,2058,3205,4084,1346,3795.72,277.35,1695.96,1822.41,TRX20241215-523,127
524,20240412,1086,2086,3061,4069,2813,9198.51,702.72,3094.3,5401.49,TRX20240412-524,115
525,20241214,1192,2177,3158,4027,494,948.48,79.15,414.96,454.37,TRX20241214-525,117
526,20240913,1086,2125,3097,4079,1909,6185.16,112.9,3035.31,3036.95,TRX20240913-526,103
527,20241101,1013,2180,3214,4036,3561,5911.26,384.9,2670.75,2855.61,TRX20241101-527,143
528,20240303,1198,2144,3295,4072,944,1217.76,90.18,528.64,598.94,TRX20240303-528,126
529,20240819,1175,2187,3172,4053,3296,11206.4,216.77,5009.92,5979.71,TRX20240819-529,115
530,20240904,1068,2014,3175,4017,4015,2409.0,82.24,963.6,1363.16,TRX20240904-530,136
531,20241224,1071,2101,3246,4005,1376,756.8,26.1,316.48,414.22,TRX20241224-531,112
532,20240411,1142,2025,3050,4065,556,2385.24,99.12,928.52,1357.6,TRX20240411-532,109
533,20241022,1019,2100,3250,4048,4807,10671.54,34.92,4230.16,6406.46,TRX20241022-533,119
534,20240202,1037,2038,3166,4091,6587,10605.07,759.68,5203.73,4641.66,TRX20240202-534,119
535,20241105,1019,2150,3038,4010,2274,4616.22,51.02,1705.5,2859.7,TRX20241105-535,120
536,20241101,1025,2141,3068,4076,2036,3848.04,368.0,1649.16,1830.88,TRX20241101-536,114
537,20241017,1134,2036,3107,4094,459,1285.2,96.91,523.26,665.03,TRX20241017-537,125
538,20240403,1106,2008,3165,4001,1211,4480.7,203.23,1828.61,2448.86,TRX20240403-538,117
539,20241028,1168,2055,3180,4055,3763,12982.35,750.6,4929.53,7302.22,TRX20241028-539,148
540,20240331,1147,2049,3216,4022,447,920.82,62.64,420.18,438.0,TRX20240331-540,123
541,20240114,1105,2196,3076,4048,1490,5125.6,295.86,2235.0,2594.74,TRX20240114-541,109
542,20241129,1060,2167,3274,4086,3293,13172.0,53.09,5696.89,7422.02,TRX20241129-542,121
543,20240305,1165,2114,3134,4059,737,2100.45,203.23,943.36,953.86,TRX20240305-543,145
544,20240908,1058,2070,3131,4049,4771,16746.21,84.33,8110.7,8551.18,TRX20240908-544,103
545,20241215,1061,2059,3270,4098,6714,9869.58,356.34,4095.54,5417.7,TRX20241215-545,127
546,20240325,1048,2020,3296,4100,3889,8089.12,10.29,2488.96,5589.87,TRX20240325-546,122
547,20241122,1004,2171,3016,4072,1213,2862.68,91.05,921.88,1849.75,TRX20241122-547,137
548,20240628,1037,2003,3004,4008,6928,12955.36,1251.59,4018.24,7685.53,TRX20240628-548,108
549,20240930,1166,2181,3070,4088,2680,7959.6,372.98,3805.6,3781.02,TRX20240930-549,134
550,20240515,1168,2141,3073,4060,876,3495.24,278.06,1173.84,2043.34,TRX20240515-550,102
551,20240308,1151,2149,3286,4070,576,2471.04,78.4,892.8,1499.84,TRX20240308-551,137
552,20240621,1167,2020,3200,4039,3126,7471.14,177.69,3094.74,4198.71,TRX20240621-552,140
553,20240511,1113,2119,3177,4006,905,3077.0,51.98,1321.3,1703.72,TRX20240511-553,109
554,20241116,1057,2164,3200,4009,2467,6290.85,38.16,2392.99,3859.7,TRX20241116-554,141
555,20240713,1022,2070,3215,4068,3809,9027.33,152.25,4456.53,4418.55,TRX20240713-555,137
556,20240625,1014,2157,3260,4084,2011,3760.57,270.36,1327.26,2162.95,TRX20240625-556,141
557,20241228,1065,2134,3076,4091,4873,10671.87,701.12,5067.92,4902.83,TRX20241228-557,108
558,20240914,1033,2034,3158,4063,4934,11792.26,921.43,4489.94,6380.89,TRX20240914-558,106
559,20240108,1075,2138,3239,4066,6294,15105.6,995.49,6986.34,7123.77,TRX20240108-559,116
560,20240522,1178,2041,3203,4099,1141,4347.21,26.37,1791.37,2529.47,TRX20240522-560,123
561,20240418,1128,2173,3209,4018,1389,2486.31,102.88,1222.32,1161.11,TRX20240418-561,137
562,20240619,1003,2086,3107,4082,3711,10873.23,521.48,3673.89,6677.86,TRX20240619-562,128
563,20240708,1080,2017,3202,4006,992,932.48,25.09,426.56,480.83,TRX20240708-563,140
564,20241118,1112,2187,3264,4073,882,3757.32,138.08,1455.3,2163.94,TRX20241118-564,103
565,20240211,1172,2119,3082,4063,4619,13025.58,1259.08,4526.62,7239.88,TRX20240211-565,124
566,20240322,1164,2034,3067,4089,680,2040.0,24.77,680.0,1335.23,TRX20240322-566,146
567,20241215,1148,2013,3293,4002,706,1765.0,40.78,748.36,975.86,TRX20241215-567,140
568,20240223,1108,2022,3248,4036,1252,3831.12,79.26,1727.76,2024.1,TRX20240223-568,105
569,20240909,1014,2048,3220,4025,2496,7862.4,523.16,2645.76,4693.48,TRX20240909-569,105
570,20240628,1140,2115,3053,4018,2929,6853.86,657.26,3426.93,2769.67,TRX20240628-570,148
571,20240511,1180,2113,3162,4090,1547,5228.86,361.6,1949.22,2918.04,TRX20240511-571,125
572,20240919,1049,2165,3157,4083,2781,7397.46,394.75,3142.53,3860.18,TRX20240919-572,101
573,20240815,1131,2055,3167,4076,710,1242.5,22.25,397.6,822.65,TRX20240815-573,135
574,20241224,1005,2051,3140,4058,9710,23401.1,968.7,7476.7,14955.7,TRX20241224-574,138
575,20241018,1049,2089,3112,4039,1728,5702.4,423.56,2194.56,3084.28,TRX20241018-575,134
576,20241127,1131,2015,3238,4091,2016,5725.44,170.09,2862.72,2692.63,TRX20241127-576,141
577,20241004,1163,2060,3072,4088,3359,10244.95,405.89,4534.65,5304.41,TRX20241004-577,113
578,20240730,1146,2100,3136,4044,650,2132.0,152.92,689.0,1290.08,TRX20240730-578,121
579,20241218,1087,2044,3249,4080,1063,2381.12,179.64,829.14,1372.34,TRX20241218-579,147
580,20240229,1092,2029,3222,4080,2402,5668.72,391.87,2450.04,2826.81,TRX20240229-580,120
581,20240620,1149,2191,3298,4011,807,2646.96,210.18,839.28,1597.5,TRX20240620-581,131
582,20240215,1098,2075,3211,4097,1549,3113.49,256.1,975.87,1881.52,TRX20240215-582,134
583,20240910,1081,2072,3032,4040,2048,5529.6,478.48,1986.56,3064.56,TRX20240910-583,139
584,20241112,1091,2062,3005,4017,3307,7143.12,510.35,2480.25,4152.52,TRX20241112-584,105
585,20240712,1112,2111,3090,4018,816,3508.8,72.99,1738.08,1697.73,TRX20240712-585,111
586,20240212,1163,2132,3017,4044,2852,10695.0,813.23,3336.84,6544.93,TRX20240212-586,150
587,20240323,1112,2087,3241,4030,1359,3560.58,163.97,1223.1,2173.51,TRX20240323-587,116
588,20240820,1191,2058,3232,4080,891,1995.84,195.63,908.82,891.39,TRX20240820-588,123
589,20240904,1066,2053,3254,4058,4488,8527.2,466.96,4263.6,3796.64,TRX20240904-589,147
590,20240531,1137,2079,3014,4036,2969,6769.32,400.25,2404.89,3964.18,TRX20240531-590,103
591,20240109,1129,2198,3193,4010,2525,7878.0,177.12,3711.75,3989.13,TRX20240109-591,106
592,20240712,1119,2187,3172,4070,1413,6669.36,637.22,2670.57,3361.57,TRX20240712-592,145
593,20240701,1053,2037,3260,4008,4973,18897.4,190.81,9448.7,9257.89,TRX20240701-593,129
594,20240821,1090,2060,3043,4048,2059,5579.89,250.8,2759.06,2570.03,TRX20240821-594,117
595,20241005,1026,2020,3067,4051,1491,2236.5,160.66,1058.61,1017.23,TRX20241005-595,109
596,20240715,1135,2065,3151,4076,1477,4120.83,158.11,1595.16,2367.56,TRX20240715-596,117
597,20241007,1134,2001,3012,4071,1772,5227.4,166.22,2409.92,2651.26,TRX20241007-597,126
598,20240101,1031,2178,3026,4034,5463,13657.5,136.67,5463.0,8057.83,TRX20240101-598,109
599,20240830,1159,2038,3129,4045,776,3150.56,187.54,1474.4,1488.62,TRX20240830-599,108
600,20240606,1078,2089,3090,4068,5069,9884.55,250.49,3041.4,6592.66,TRX20240606-600,138
601,20240402,1068,2018,3099,4047,7985,15091.65,96.05,6867.1,8128.5,TRX20240402-601,104
602,20240920,1123,2163,3195,4018,1790,4671.9,120.44,1467.8,3083.66,TRX20240920-602,124
603,20240703,1076,2167,3051,4062,5023,6529.9,177.5,3214.72,3137.68,TRX20240703-603,146
604,20240616,1079,2131,3092,4053,2217,4855.23,375.93,2150.49,2328.81,TRX20240616-604,129
605,20240221,1025,2111,3219,4066,5378,7098.96,389.55,3011.68,3697.73,TRX20240221-605,132
606,20240227,1181,2114,3202,4036,249,495.51,41.07,154.38,300.06,TRX20240227-606,115
607,20240806,1106,2192,3192,4009,1622,8061.34,329.25,3049.36,4682.73,TRX20240806-607,109
608,20240524,1153,2145,3117,4071,612,1585.08,131.68,550.8,902.6,TRX20240524-608,116
609,20240430,1111,2169,3287,4065,224,931.84,37.25,374.08,520.51,TRX20240430-609,148
610,20240603,1092,2144,3179,4096,2564,4563.92,427.78,1923.0,2213.14,TRX20240603-610,115
611,20241012,1135,2114,3252,4053,1244,2288.96,102.35,957.88,1228.73,TRX20241012-611,111
612,20241211,1115,2043,3015,4068,1776,6660.0,349.63,2415.36,3895.01,TRX20241211-612,112
613,20240308,1148,2122,3011,4086,711,2730.24,143.48,846.09,1740.67,TRX20240308-613,107
614,20240702,1089,2181,3256,4083,2158,3495.96,313.32,1510.6,1672.04,TRX20240702-614,111
615,20240715,1028,2023,3165,4091,3364,3464.92,83.67,1412.88,1968.37,TRX20240715-615,130
616,20240701,1140,2154,3200,4089,2288,4255.68,345.89,1670.24,2239.55,TRX20240701-616,106
617,20240410,1152,2028,3037,4004,856,1840.4,139.52,556.4,1144.48,TRX20240410-617,149
618,20240818,1110,2015,3276,4094,1167,4773.03,237.58,1832.19,2703.26,TRX20240818-618,105
619,20240617,1050,2081,3182,4046,3022,11876.46,1023.0,5439.6,5413.86,TRX20240617-619,121
620,20241107,1192,2065,3110,4055,173,361.57,31.88,155.7,173.99,TRX20241107-620,140
621,20240313,1119,2028,3198,4002,771,2875.83,219.97,1295.28,1360.58,TRX20240313-621,129
622,20240525,1103,2009,3280,4087,1253,4473.21,435.8,1440.95,2596.46,TRX20240525-622,137
623,20241129,1015,2045,3082,4017,4932,6756.84,371.95,2860.56,3524.33,TRX20241129-623,123
624,20240223,1028,2134,3058,4041,3665,7146.75,689.3,2418.9,4038.55,TRX20240223-624,111
625,20240322,1138,2004,3048,4004,716,2033.44,161.26,723.16,1149.02,TRX20240322-625,115
626,20240726,1191,2170,3219,4089,779,1215.24,63.52,412.87,738.85,TRX20240726-626,137
627,20241022,1069,2049,3074,4009,1136,817.92,50.27,374.88,392.77,TRX20241022-627,138
628,20240902,1129,2166,3275,4098,1784,4263.76,250.88,1498.56,2514.32,TRX20240902-628,138
629,20240504,1020,2188,3022,4082,8697,9479.73,316.54,3304.86,5858.33,TRX20240504-629,137
630,20241014,1159,2058,3232,4013,594,1437.48,82.73,510.84,843.91,TRX20241014-630,121
631,20240429,1089,2193,3207,4081,571,1513.15,107.45,725.17,680.53,TRX20240429-631,122
632,20240717,1023,2094,3128,4032,2145,5898.75,63.98,2380.95,3453.82,TRX20240717-632,118
633,20240513,1011,2015,3047,4061,4028,13936.88,1138.09,4994.72,7804.07,TRX20240513-633,108
634,20240815,1010,2158,3200,4038,9471,13732.95,2.71,5682.6,8047.64,TRX20240815-634,126
635,20240506,1110,2163,3114,4034,340,1523.2,113.97,550.8,858.43,TRX20240506-635,104
636,20241103,1010,2117,3126,4013,3436,10720.32,226.27,3298.56,7195.49,TRX20241103-636,117
637,20240523,1198,2175,3116,4078,842,1684.0,15.04,698.86,970.1,TRX20240523-637,117
638,20240918,1030,2129,3076,4065,4451,13753.59,897.99,5029.63,7825.97,TRX20240918-638,135
639,20240825,1111,2093,3251,4041,1674,5222.88,302.36,2293.38,2627.14,TRX20240825-639,105
640,20240608,1164,2157,3250,4046,2791,8931.2,693.13,2763.09,5474.98,TRX20240608-640,124
641,20240104,1068,2033,3112,4067,3047,2102.43,57.82,670.34,1374.27,TRX20240104-641,109
642,20241029,1014,2006,3077,4069,5187,16650.27,1036.67,7417.41,8196.19,TRX20241029-642,117
643,20240904,1063,2096,3098,4046,7499,16572.79,1488.01,7274.03,7810.75,TRX20240904-643,135
644,20240518,1031,2058,3187,4071,6641,15672.76,1225.03,5777.67,8670.06,TRX20240518-644,117
645,20241226,1176,2103,3206,4073,1165,3366.85,133.0,1596.05,1637.8,TRX20241226-645,104
646,20241002,1047,2068,3231,4025,1214,2913.6,12.99,898.36,2002.25,TRX20241002-646,101
647,20240321,1037,2098,3046,4040,1077,1335.48,79.93,667.74,587.81,TRX20240321-647,103
648,20240410,1103,2066,3130,4047,940,4079.6,65.72,1870.6,2143.28,TRX20240410-648,137
649,20240418,1049,2176,3152,4064,4920,19581.6,1424.53,6789.6,11367.47,TRX20240418-649,137
650,20240205,1097,2143,3209,4058,1930,6697.1,488.05,3010.8,3198.25,TRX20240205-650,115
651,20240208,1113,2156,3264,4072,1843,7519.44,272.64,3722.86,3523.94,TRX20240208-651,114
652,20240111,1190,2197,3298,4049,297,784.08,30.69,282.15,471.24,TRX20240111-652,102
653,20240620,1107,2109,3270,4072,1949,9647.55,296.42,2904.01,6447.12,TRX20240620-653,123
654,20240227,1081,2009,3084,4056,3535,10675.7,69.36,3853.15,6753.19,TRX20240227-654,102
655,20240906,1198,2103,3059,4056,719,1322.96,34.06,596.77,692.13,TRX20240906-655,108
656,20241211,1172,2114,3075,4049,3647,13895.07,576.22,6783.42,6535.43,TRX20241211-656,133
657,20240721,1168,2177,3117,4021,4596,13282.44,665.07,5285.4,7331.97,TRX20240721-657,132
658,20240102,1115,2055,3233,4058,1761,8787.39,195.41,3152.19,5439.79,TRX20240102-658,120
659,20240630,1040,2101,3243,4002,8883,21408.03,1108.44,7017.57,13282.02,TRX20240630-659,105
660,20240515,1165,2088,3013,4004,746,2014.2,113.48,775.84,1124.88,TRX20240515-660,103
661,20240716,1171,2006,3006,4088,2539,5738.14,457.87,1955.03,3325.24,TRX20240716-661,135
662,20240416,1003,2132,3227,4087,8415,19186.2,86.23,6816.15,12283.82,TRX20240416-662,124
663,20241112,1006,2131,3252,4075,1669,2870.68,91.66,867.88,1911.14,TRX20241112-663,112
664,20240804,1076,2177,3100,4060,6935,7281.75,179.53,2496.6,4605.62,TRX20240804-664,117
665,20240227,1136,2038,3205,4015,2482,5013.64,17.16,2134.52,2861.96,TRX20240227-665,123
666,20240322,1036,2100,3157,4045,6730,9152.8,207.27,2826.6,6118.93,TRX20240322-666,119
667,20241230,1171,2151,3086,4058,2902,9199.34,19.96,2814.94,6364.44,TRX20241230-667,115
668,20241003,1146,2142,3105,4046,224,797.44,10.63,293.44,493.37,TRX20241003-668,141
669,20241204,1045,2076,3240,4061,2480,9771.2,90.77,4712.0,4968.43,TRX20241204-669,111
670,20240405,1181,2075,3075,4034,360,1022.4,15.6,478.8,528.0,TRX20240405-670,118
671,20240903,1184,2150,3189,4078,467,1046.08,47.48,364.26,634.34,TRX20240903-671,124
672,20240317,1055,2180,3158,4008,1811,4219.63,20.18,1756.67,2442.78,TRX20240317-672,117
673,20240227,1102,2103,3268,4058,1481,5479.7,456.07,1880.87,3142.76,TRX20240227-673,110
674,20241113,1180,2026,3011,4076,2810,6013.4,490.15,2023.2,3500.05,TRX20241113-674,101
675,20240210,1058,2063,3134,4032,3719,12309.89,880.56,5280.98,6148.35,TRX20240210-675,114
676,20240121,1139,2052,3111,4057,1469,3540.29,187.02,1366.17,1987.1,TRX20240121-676,107
677,20241108,1185,2143,3095,4071,671,1321.87,52.09,416.02,853.76,TRX20241108-677,128
678,20240808,1104,2018,3235,4057,875,2441.25,78.57,883.75,1478.93,TRX20240808-678,136
679,20240204,1180,2143,3199,4054,2121,4326.84,122.72,1718.01,2486.11,TRX20240204-679,139
680,20240913,1139,2091,3296,4007,1515,3075.45,245.29,999.9,1830.26,TRX20240913-680,143
681,20240807,1150,2196,3089,4069,624,2602.08,81.75,892.32,1628.01,TRX20240807-681,102
682,20240825,1198,2083,3034,4100,176,232.32,7.03,89.76,135.53,TRX20240825-682,108
683,20241130,1097,2031,3031,4015,2906,6422.26,518.13,3051.3,2852.83,TRX20241130-683,150
684,20240114,1013,2089,3136,4087,1084,3523.0,346.36,1149.04,2027.6,TRX20240114-684,120
685,20240924,1066,2076,3087,4086,980,1548.4,147.65,597.8,802.95,TRX20240924-685,101
686,20241031,1121,2158,3121,4095,2383,4146.42,222.53,1453.63,2470.26,TRX20241031-686,137
687,20241115,1057,2064,3146,4057,4009,8940.07,216.86,2766.21,5957.0,TRX20241115-687,143
688,20240429,1089,2067,3264,4096,2919,8640.24,27.24,3736.32,4876.68,TRX20240429-688,120
689,20240519,1068,2089,3054,4097,1764,4251.24,118.98,1340.64,2791.62,TRX20240519-689,111
690,20240402,1071,2155,3224,4057,6147,12109.59,1031.76,5716.71,5361.12,TRX20240402-690,142
691,20240829,1178,2197,3062,4049,4726,13232.8,881.64,4489.7,7861.46,TRX20240829-691,145
692,20241016,1179,2124,3164,4045,4215,16817.85,390.82,7291.95,9135.08,TRX20241016-692,141
693,20240126,1018,2115,3092,4082,7032,17087.76,1127.35,8368.08,7592.33,TRX20240126-693,135
694,20240514,1115,2021,3258,4038,860,3543.2,76.31,1401.8,2065.09,TRX20240514-694,136
695,20240219,1024,2158,3263,4032,2739,3122.46,6.86,1342.11,1773.49,TRX20240219-695,141
696,20240907,1124,2020,3055,4097,576,1175.04,75.52,357.12,742.4,TRX20240907-696,137
697,20240206,1044,2019,3163,4086,2815,10612.55,258.35,5067.0,5287.2,TRX20240206-697,111
698,20240327,1184,2049,3175,4034,954,2528.1,142.86,868.14,1517.1,TRX20240327-698,104
699,20240602,1140,2100,3088,4022,1233,2083.77,60.52,789.12,1234.13,TRX20240602-699,116
700,20241201,1143,2048,3242,4067,317,1274.34,82.99,608.64,582.71,TRX20241201-700,142
701,20240912,1057,2184,3231,4008,4572,16276.32,451.81,7955.28,7869.23,TRX20240912-701,150
702,20240224,1025,2179,3002,4017,4178,12283.32,580.84,5556.74,6145.74,TRX20240224-702,116
703,20240613,1022,2179,3024,4091,7534,21547.24,40.62,9718.86,11787.76,TRX20240613-703,136
704,20240410,1074,2092,3008,4074,3317,7894.46,71.79,2852.62,4970.05,TRX20240410-704,111
705,20240510,1157,2135,3249,4090,889,2862.58,82.94,1333.5,1446.14,TRX20240510-705,127
706,20240331,1040,2099,3135,4092,5746,8159.32,300.6,3505.06,4353.66,TRX20240331-706,132
707,20240517,1096,2092,3051,4016,1117,2200.49,42.33,815.41,1342.75,TRX20240517-707,132
708,20241020,1174,2028,3166,4009,797,2096.11,10.44,749.18,1336.49,TRX20241020-708,129
709,20240405,1029,2091,3014,4099,3405,11270.55,848.85,4120.05,6301.65,TRX20240405-709,106
710,20240320,1015,2142,3191,4011,8638,20212.92,1985.1,7428.68,10799.14,TRX20240320-710,119
711,20240420,1137,2199,3128,4096,1010,2605.8,142.9,1272.6,1190.3,TRX20240420-711,140
712,20240506,1026,2127,3064,4088,9384,21395.52,326.58,8070.24,12998.7,TRX20240506-712,103
713,20240509,1171,2086,3219,4007,2080,6614.4,146.56,2392.0,4075.84,TRX20240509-713,125
714,20241118,1059,2058,3276,4026,4677,13656.84,539.33,4396.38,8721.13,TRX20241118-714,102
715,20240729,1074,2084,3083,4030,860,868.6,36.33,361.2,471.07,TRX20240729-715,124
716,20240825,1158,2013,3229,4052,361,1429.56,111.53,642.58,675.45,TRX20240825-716,144
717,20240314,1004,2036,3289,4073,7474,13079.5,1121.18,5157.06,6801.26,TRX20240314-717,123
718,20240205,1044,2146,3083,4004,4487,16512.16,506.01,5070.31,10935.84,TRX20240205-718,106
719,20240710,1199,2133,3107,4019,191,269.31,3.4,124.15,141.76,TRX20240710-719,148
720,20241207,1049,2090,3104,4076,2432,5544.96,263.75,2286.08,2995.13,TRX20241207-720,144
721,20241216,1058,2097,3280,4030,2832,9628.8,676.04,4587.84,4364.92,TRX20241216-721,101
722,20240226,1140,2127,3080,4097,864,2522.88,82.85,1002.24,1437.79,TRX20240226-722,125
723,20240424,1025,2037,3027,4058,3434,7348.76,668.17,3227.96,3452.63,TRX20240424-723,102
724,20241015,1009,2091,3204,4027,4090,4294.5,284.82,1840.5,2169.18,TRX20241015-724,129
725,20240718,1172,2111,3041,4067,896,2007.04,31.05,654.08,1321.91,TRX20240718-725,105
726,20240525,1002,2063,3023,4067,2005,3629.05,241.47,1223.05,2164.53,TRX20240525-726,104
727,20240515,1037,2062,3211,4080,1776,5558.88,357.85,1740.48,3460.55,TRX20240515-727,104
728,20240328,1006,2035,3148,4011,2814,6359.64,126.66,2138.64,4094.34,TRX20240328-728,134
729,20240104,1060,2035,3150,4053,4509,13481.91,909.49,4599.18,7973.24,TRX20240104-729,119
730,20240302,1023,2180,3009,4016,5378,7582.98,227.35,3388.14,3967.49,TRX20240302-730,147
731,20240713,1031,2028,3273,4003,1243,1789.92,80.44,546.92,1162.56,TRX20240713-731,114
732,20240317,1084,2166,3252,4065,1844,6048.32,408.16,2876.64,2763.52,TRX20240317-732,139
733,20241205,1146,2070,3124,4083,714,2984.52,135.78,1270.92,1577.82,TRX20241205-733,133
734,20240206,1100,2088,3024,4069,1064,3202.64,63.57,989.52,2149.55,TRX20240206-734,134
735,20241218,1019,2005,3233,4013,1308,2589.84,98.04,810.96,1680.84,TRX20241218-735,132
736,20240505,1044,2200,3006,4018,1238,3887.32,142.56,1931.28,1813.48,TRX20240505-736,134
737,20240913,1105,2098,3042,4061,594,2768.04,174.61,843.48,1749.95,TRX20240913-737,128
738,20240412,1056,2162,3006,4011,4433,11747.45,611.28,4477.33,6658.84,TRX20240412-738,105
739,20240910,1048,2070,3120,4029,3582,12142.98,1148.42,5516.28,5478.28,TRX20240910-739,131
740,20240104,1099,2130,3115,4064,3518,5699.16,142.59,2427.42,3129.15,TRX20240104-740,143
741,20240227,1049,2109,3005,4011,3178,7595.42,734.26,2510.62,4350.54,TRX20240227-741,133
742,20241202,1106,2008,3283,4054,319,890.01,27.41,283.91,578.69,TRX20241202-742,113
743,20240929,1181,2074,3258,4013,721,951.72,35.83,338.87,577.02,TRX20240929-743,116
744,20241023,1118,2111,3275,4025,1763,6346.8,514.42,2380.05,3452.33,TRX20241023-744,116
745,20241026,1033,2195,3167,4085,7191,8053.92,570.64,2804.49,4678.79,TRX20241026-745,142
746,20240409,1081,2041,3208,4015,1001,1581.58,40.36,630.63,910.59,TRX20240409-746,136
747,20240425,1200,2040,3231,4005,60,150.6,7.87,46.2,96.53,TRX20240425-747,106
748,20241024,1050,2132,3228,4093,1575,5197.5,84.73,2157.75,2955.02,TRX20241024-748,141
749,20240614,1113,2157,3156,4010,1738,7560.3,639.21,3197.92,3723.17,TRX20240614-749,112
750,20240925,1098,2144,3146,4037,1724,3361.8,174.13,1637.8,1549.87,TRX20240925-750,138
751,20241009,1057,2079,3093,4043,1544,4770.96,336.33,2161.6,2273.03,TRX20241009-751,130
752,20240206,1197,2157,3204,4092,495,920.7,89.8,341.55,489.35,TRX20240206-752,139
753,20240304,1134,2196,3123,4040,2190,6854.7,342.84,3109.8,3402.06,TRX20240304-753,136
754,20240423,1199,2042,3130,4025,796,2101.44,103.5,859.68,1138.26,TRX20240423-754,133
755,20240102,1199,2131,3202,4004,852,903.12,13.7,332.28,557.14,TRX20240102-755,143
756,20240127,1025,2098,3260,4080,8833,29590.55,1272.17,10599.6,17718.78,TRX20240127-756,143
757,20240323,1076,2039,3300,4073,1273,2558.73,125.14,801.99,1631.6,TRX20240323-757,143
758,20241229,1179,2017,3293,4012,1458,4913.46,199.85,2230.74,2482.87,TRX20241229-758,128
759,20240531,1147,2192,3260,4002,416,1447.68,73.07,511.68,862.93,TRX20240531-759,136
760,20240330,1039,2022,3050,4086,7024,12081.28,167.64,5829.92,6083.72,TRX20240330-760,117
761,20240607,1157,2028,3288,4062,355,809.4,70.0,333.7,405.7,TRX20240607-761,102
762,20241210,1178,2130,3222,4019,1873,3858.38,251.55,1179.99,2426.84,TRX20241210-762,144
763,20240512,1167,2057,3027,4033,4184,10125.28,122.8,4351.36,5651.12,TRX20240512-763,147
764,20241116,1153,2096,3175,4094,159,702.78,28.61,267.12,407.05,TRX20241116-764,105
765,20240622,1138,2136,3131,4031,531,1492.11,146.53,711.54,634.04,TRX20240622-765,108
766,20241204,1158,2040,3101,4055,724,2237.16,162.74,1042.56,1031.86,TRX20241204-766,109
767,20241201,1060,2064,3024,4095,3484,12646.92,468.97,6062.16,6115.79,TRX20241201-767,139
768,20240627,1031,2109,3236,4097,3190,10973.6,321.33,4242.7,6409.57,TRX20240627-768,114
769,20241128,1135,2036,3136,4063,2701,5591.07,105.79,1836.68,3648.6,TRX20241128-769,124
770,20240403,1183,2020,3128,4081,660,1828.2,105.89,805.2,917.11,TRX20240403-770,123
771,20241223,1086,2164,3064,4010,812,2565.92,9.81,795.76,1760.35,TRX20241223-771,146
772,20241229,1030,2010,3258,4077,7202,12747.54,523.84,5833.62,6390.08,TRX20241229-772,150
773,20240725,1157,2147,3111,4067,595,1838.55,37.34,809.2,992.01,TRX20240725-773,145
774,20240114,1185,2127,3089,4048,593,1476.57,110.34,622.65,743.58,TRX20240114-774,126
775,20240517,1125,2023,3296,4030,601,1346.24,34.67,444.74,866.83,TRX20240517-775,109
776,20240924,1025,2073,3023,4016,5634,16620.3,1432.07,5352.3,9835.93,TRX20240924-776,102
777,20240210,1037,2015,3165,4021,6604,7726.68,443.1,3698.24,3585.34,TRX20240210-777,134
778,20240913,1171,2099,3024,4074,2389,7859.81,86.59,3225.15,4548.07,TRX20240913-778,109
779,20240531,1065,2062,3068,4025,3912,8136.96,13.67,3716.4,4406.89,TRX20240531-779,135
780,20241202,1020,2044,3163,4049,5783,19141.73,78.17,6187.81,12875.75,TRX20241202-780,119
781,20241110,1105,2176,3090,4093,1514,6585.9,297.59,2392.12,3896.19,TRX20241110-781,147
782,20241128,1183,2137,3257,4022,93,136.71,11.5,66.96,58.25,TRX20241128-782,132
783,20240603,1194,2199,3279,4041,444,1025.64,44.62,421.8,559.22,TRX20240603-783,122
784,20240224,1018,2141,3299,4092,1272,2238.72,143.18,1093.92,1001.62,TRX20240224-784,108
785,20240115,1134,2143,3090,4089,2737,6349.84,525.09,2216.97,3607.78,TRX20240115-785,108
786,20240918,1031,2075,3187,4072,7569,20284.92,1717.15,7871.76,10696.01,TRX20240918-786,108
787,20240104,1106,2151,3063,4084,318,1046.22,80.54,375.24,590.44,TRX20240104-787,140
788,20240620,1028,2196,3292,4022,5949,7912.17,252.5,3509.91,4149.76,TRX20240620-788,117
789,20241124,1011,2170,3171,4089,4873,12572.34,677.34,4385.7,7509.3,TRX20241124-789,148
790,20240928,1189,2124,3193,4064,570,1425.0,125.81,655.5,643.69,TRX20240928-790,129
791,20241003,1197,2146,3113,4049,932,1192.96,24.94,577.84,590.18,TRX20241003-791,132
792,20241223,1194,2100,3090,4092,201,273.36,3.88,104.52,164.96,TRX20241223-792,122
793,20240524,1001,2132,3040,4033,7217,10248.14,319.61,3969.35,5959.18,TRX20240524-793,141
794,20240721,1160,2132,3191,4017,597,2250.69,176.92,716.4,1357.37,TRX20240721-794,148
795,20240415,1122,2121,3246,4001,2304,4815.36,158.5,1889.28,2767.58,TRX20240415-795,142
796,20240811,1172,2058,3244,4063,799,2596.75,229.66,1030.71,1336.38,TRX20240811-796,141
797,20240115,1027,2111,3164,4086,9608,17870.88,996.86,6725.6,10148.42,TRX20240115-797,111
798,20240607,1105,2105,3001,4097,1236,4078.8,22.97,1718.04,2337.79,TRX20240607-798,135
799,20240505,1125,2079,3011,4024,2837,7092.5,323.6,2837.0,3931.9,TRX20240505-799,120
800,20240807,1020,2104,3280,4081,8346,12101.7,656.55,4423.38,7021.77,TRX20240807-800,146
801,20240314,1054,2023,3209,4100,2988,10338.48,150.09,4571.64,5616.75,TRX20240314-801,146
802,20240815,1132,2124,3161,4078,2941,8734.77,536.19,3205.69,4992.89,TRX20240815-802,127
803,20240712,1034,2188,3115,4040,2858,8059.56,71.99,3515.34,4472.23,TRX20240712-803,147
804,20240312,1043,2090,3181,4076,1266,4836.12,296.45,1962.3,2577.37,TRX20240312-804,115
805,20240930,1171,2074,3148,4085,1320,4356.0,403.67,1755.6,2196.73,TRX20240930-805,116
806,20240510,1191,2174,3198,4089,873,2191.23,102.75,916.65,1171.83,TRX20240510-806,108
807,20240827,1018,2018,3045,4047,2022,5398.74,340.47,2385.96,2672.31,TRX20240827-807,136
808,20240509,1003,2139,3104,4041,1643,4978.29,15.77,2020.89,2941.63,TRX20240509-808,131
809,20240819,1181,2013,3247,4044,667,900.45,41.95,386.86,471.64,TRX20240819-809,139
810,20240806,1199,2141,3184,4068,927,1297.8,75.07,389.34,833.39,TRX20240806-810,119
811,20241107,1195,2191,3115,4074,278,339.16,0.7,144.56,193.9,TRX20241107-811,142
812,20240522,1115,2176,3012,4078,1182,4834.38,443.49,1973.94,2416.95,TRX20240522-812,118
813,20241101,1125,2153,3035,4047,2752,7623.04,690.01,2311.68,4621.35,TRX20241101-813,129
814,20240926,1140,2078,3002,4057,2144,5510.08,242.66,1672.32,3595.1,TRX20240926-814,101
815,20240513,1183,2066,3060,4073,618,1718.04,39.15,692.16,986.73,TRX20240513-815,105
816,20240614,1136,2113,3027,4065,2992,5924.16,466.23,2303.84,3154.09,TRX20240614-816,133
817,20241113,1182,2058,3143,4007,750,1740.0,71.78,712.5,955.72,TRX20241113-817,147
818,20240303,1071,2083,3001,4040,2539,4747.93,284.46,1498.01,2965.46,TRX20240303-818,131
819,20240213,1140,2123,3189,4061,1560,3166.8,186.04,1341.6,1639.16,TRX20240213-819,111
820,20240918,1077,2118,3295,4050,1571,3361.94,192.83,1382.48,1786.63,TRX20240918-820,148
821,20240607,1165,2092,3096,4078,1868,5753.44,573.37,1849.32,3330.75,TRX20240607-821,140
822,20240628,1134,2111,3221,4045,1187,2409.61,23.77,949.6,1436.24,TRX20240628-822,105
823,20240902,1156,2160,3192,4098,153,371.79,28.95,137.7,205.14,TRX20240902-823,140
824,20240924,1171,2103,3230,4041,1279,2685.9,96.49,1202.26,1387.15,TRX20240924-824,134
825,20240108,1089,2070,3044,4053,3778,7442.66,634.52,2531.26,4276.88,TRX20240108-825,110
826,20240604,1088,2085,3135,4014,3365,10835.3,733.25,4610.05,5492.0,TRX20240604-826,141
827,20240503,1116,2063,3175,4073,468,1478.88,109.95,613.08,755.85,TRX20240503-827,115
828,20240413,1177,2022,3066,4085,4658,13927.42,753.05,5170.38,8003.99,TRX20240413-828,150
829,20240225,1123,2067,3011,4099,2906,8485.52,651.83,3254.72,4578.97,TRX20240225-829,150
830,20240930,1139,2128,3235,4057,2063,7096.72,121.2,3362.69,3612.83,TRX20240930-830,118
831,20241016,1105,2116,3150,4049,1726,5678.54,370.47,2554.48,2753.59,TRX20241016-831,148
832,20240102,1161,2007,3153,4029,1488,4865.76,21.34,2351.04,2493.38,TRX20240102-832,131
833,20241115,1170,2129,3161,4075,1507,4551.14,318.05,2109.8,2123.29,TRX20241115-833,124
834,20240307,1188,2072,3126,4011,708,984.12,69.92,424.8,489.4,TRX20240307-834,143
835,20240220,1119,2093,3247,4022,456,1846.8,20.64,889.2,936.96,TRX20240220-835,130
836,20241120,1016,2150,3168,4098,1072,2412.0,213.05,1200.64,998.31,TRX20241120-836,139
837,20240829,1095,2018,3055,4092,1223,3314.33,133.82,990.63,2189.88,TRX20240829-837,129
838,20240113,1113,2186,3050,4040,1613,5177.73,29.17,2064.64,3083.92,TRX20240113-838,113
839,20240323,1179,2145,3076,4050,2039,4098.39,315.12,1998.22,1785.05,TRX20240323-839,138
840,20240515,1006,2191,3142,4025,1214,2197.34,112.44,983.34,1101.56,TRX20240515-840,108
841,20241113,1153,2048,3298,4017,615,1752.75,15.56,719.55,1017.64,TRX20241113-841,138
842,20240724,1150,2139,3185,4057,410,1254.6,90.0,401.8,762.8,TRX20240724-842,137
843,20240319,1142,2122,3133,4060,989,2175.8,50.13,820.87,1304.8,TRX20240319-843,116
844,20240517,1182,2001,3255,4032,247,696.54,15.15,345.8,335.59,TRX20240517-844,129
845,20240127,1159,2071,3001,4070,654,1713.48,39.35,555.9,1118.23,TRX20240127-845,150
846,20241204,1026,2194,3231,4053,6336,21922.56,2003.37,7856.64,12062.55,TRX20241204-846,119
847,20240604,1043,2087,3121,4036,3738,11812.08,802.54,5644.38,5365.16,TRX20240604-847,133
848,20240229,1138,2176,3157,4010,376,815.92,77.23,319.6,419.09,TRX20240229-848,148
849,20240615,1138,2028,3198,4086,2236,7110.48,275.22,3488.16,3347.1,TRX20240615-849,149
850,20240723,1099,2100,3044,4069,1316,2961.0,110.96,1105.44,1744.6,TRX20240723-850,132
851,20240330,1094,2150,3089,4018,3712,10430.72,949.74,4714.24,4766.74,TRX20240330-851,144
852,20241114,1019,2030,3059,4076,3406,8923.72,239.87,4189.38,4494.47,TRX20241114-852,121
853,20240119,1002,2002,3253,4008,2777,3110.24,72.18,1444.04,1594.02,TRX20240119-853,104
854,20240911,1109,2073,3101,4065,1161,4295.7,342.84,2020.14,1932.72,TRX20240911-854,107
855,20240521,1077,2079,3035,4018,1917,4083.21,100.65,1993.68,1988.88,TRX20240521-855,111
856,20240509,1008,2114,3087,4061,2247,3145.8,22.47,966.21,2157.12,TRX20240509-856,144
857,20240407,1140,2025,3089,4060,443,784.11,55.87,367.69,360.55,TRX20240407-857,111
858,20240726,1152,2010,3280,4041,619,1330.85,10.28,557.1,763.47,TRX20240726-858,116
859,20241225,1066,2185,3220,4046,7696,8234.72,49.24,3155.36,5030.12,TRX20241225-859,124
860,20240309,1155,2195,3154,4045,717,1943.07,70.96,967.95,904.16,TRX20240309-860,110
861,20240724,1109,2106,3058,4084,1375,6050.0,116.41,2653.75,3279.84,TRX20240724-861,126
862,20241105,1155,2180,3137,4049,144,424.8,18.26,201.6,204.94,TRX20241105-862,135
863,20240816,1141,2040,3293,4078,199,457.7,36.41,163.18,258.11,TRX20240816-863,121
864,20240627,1032,2073,3002,4035,3641,10049.16,612.01,3349.72,6087.43,TRX20240627-864,126
865,20241004,1102,2154,3274,4039,526,1914.64,127.5,746.92,1040.22,TRX20241004-865,132
866,20240220,1005,2104,3082,4048,9732,26860.32,1935.37,12748.92,12176.03,TRX20240220-866,124
867,20240512,1029,2037,3194,4056,4833,7007.85,604.79,2803.14,3599.92,TRX20240512-867,128
868,20240613,1018,2165,3154,4058,3906,11561.76,460.5,4257.54,6843.72,TRX20240613-868,111
869,20240520,1186,2031,3117,4056,906,1902.6,106.54,616.08,1179.98,TRX20240520-869,148
870,20240911,1049,2135,3181,4023,2965,5989.3,598.32,2194.1,3196.88,TRX20240911-870,110
871,20240605,1067,2027,3130,4100,4097,5940.65,177.13,2089.47,3674.05,TRX20240605-871,130
872,20240927,1101,2024,3208,4090,867,2930.46,285.85,1109.76,1534.85,TRX20240927-872,132
873,20240622,1106,2016,3209,4082,1085,4242.35,292.49,1323.7,2626.16,TRX20240622-873,121
874,20240411,1159,2119,3271,4078,384,940.8,5.78,307.2,627.82,TRX20240411-874,132
875,20241127,1162,2145,3116,4083,4581,15896.07,279.35,7833.51,7783.21,TRX20241127-875,139
876,20240916,1091,2047,3243,4025,970,2919.7,272.31,999.1,1648.29,TRX20240916-876,119
877,20240414,1109,2145,3194,4059,1768,6612.32,7.22,2510.56,4094.54,TRX20240414-877,122
878,20240131,1182,2088,3281,4050,606,1102.92,13.46,333.3,756.16,TRX20240131-878,115
879,20241123,1168,2098,3210,4038,4884,12356.52,1075.12,3907.2,7374.2,TRX20241123-879,124
880,20240229,1110,2050,3099,4039,237,943.26,40.84,374.46,527.96,TRX20240229-880,127
881,20241013,1192,2076,3255,4100,688,722.4,64.7,350.88,306.82,TRX20241013-881,115
882,20240126,1134,2049,3230,4032,1248,2346.24,31.62,811.2,1503.42,TRX20240126-882,126
883,20240408,1136,2180,3113,4002,1110,2519.7,188.65,765.9,1565.15,TRX20240408-883,117
884,20240516,1100,2095,3017,4048,1886,3432.52,18.21,1056.16,2358.15,TRX20240516-884,124
885,20240209,1141,2043,3001,4058,831,2742.3,147.37,1229.88,1365.05,TRX20240209-885,131
886,20240407,1133,2118,3132,4030,742,2255.68,132.59,1120.42,1002.67,TRX20240407-886,144
887,20240327,1013,2043,3040,4063,4965,6007.65,84.25,2085.3,3838.1,TRX20240327-887,144
888,20241207,1064,2016,3150,4090,1239,656.67,61.19,272.58,322.9,TRX20241207-888,108
889,20240608,1019,2188,3017,4094,8600,8858.0,2.4,3182.0,5673.6,TRX20240608-889,119
890,20240911,1129,2043,3034,4004,747,2001.96,9.57,724.59,1267.8,TRX20240911-890,145
891,20241006,1193,2021,3257,4069,735,749.7,28.66,286.65,434.39,TRX20241006-891,146
892,20240510,1103,2046,3070,4065,917,3658.83,30.07,1467.2,2161.56,TRX20240510-892,112
893,20240702,1056,2017,3237,4031,3029,8693.23,50.34,3029.0,5613.89,TRX20240702-893,137
894,20240211,1161,2007,3091,4085,2981,8793.95,632.34,2682.9,5478.71,TRX20240211-894,121
895,20240814,1168,2130,3254,4065,4102,11690.7,447.62,4225.06,7018.02,TRX20240814-895,141
896,20240315,1178,2077,3183,4032,1301,4852.73,66.95,1704.31,3081.47,TRX20240315-896,112
897,20240720,1033,2064,3028,4075,3100,8091.0,421.26,2604.0,5065.74,TRX20240720-897,142
898,20240803,1143,2028,3116,4007,496,1497.92,112.2,476.16,909.56,TRX20240803-898,126
899,20240111,1084,2159,3230,4012,1991,5734.08,554.73,2210.01,2969.34,TRX20240111-899,150
900,20240308,1116,2118,3162,4005,1876,6097.0,41.02,2251.2,3804.78,TRX20240308-900,132
901,20240814,1127,2143,3169,4021,2552,7477.36,345.28,2781.68,4350.4,TRX20240814-901,101
902,20240516,1014,2194,3126,4087,3665,3884.9,339.43,1356.05,2189.42,TRX20240516-902,120
903,20241007,1026,2090,3245,4067,5691,9105.6,110.54,3300.78,5694.28,TRX20241007-903,138
904,20240327,1153,2010,3243,4036,703,1855.92,96.39,562.4,1197.13,TRX20240327-904,130
905,20240324,1190,2189,3061,4078,778,1439.3,2.03,435.68,1001.59,TRX20240324-905,150
906,20240213,1012,2200,3028,4042,1023,1033.23,1.38,337.59,694.26,TRX20240213-906,116
907,20240605,1132,2069,3280,4092,621,1800.9,15.76,589.95,1195.19,TRX20240605-907,114
908,20240616,1112,2105,3216,4013,287,929.88,34.11,344.4,551.37,TRX20240616-908,143
909,20240929,1057,2063,3170,4070,3398,7169.78,662.84,2412.58,4094.36,TRX20240929-909,104
910,20240601,1173,2083,3228,4063,674,1610.86,63.43,748.14,799.29,TRX20240601-910,136
911,20240912,1135,2007,3134,4042,2722,5852.3,102.86,1769.3,3980.14,TRX20240912-911,121
912,20241231,1068,2132,3024,4048,7163,13752.96,502.21,6088.55,7162.2,TRX20241231-912,135
913,20240819,1175,2054,3141,4086,1038,3269.7,190.79,1276.74,1802.17,TRX20240819-913,130
914,20240417,1011,2098,3289,4047,8924,14367.64,508.46,4640.48,9218.7,TRX20240417-914,130
915,20241218,1167,2047,3181,4059,643,2481.98,160.18,925.92,1395.88,TRX20241218-915,121
916,20241019,1050,2034,3298,4074,2362,5314.5,154.62,1747.88,3412.0,TRX20241019-916,139
917,20240504,1180,2157,3086,4045,1275,4462.5,7.7,1415.25,3039.55,TRX20240504-917,140
918,20241225,1194,2017,3156,4071,403,882.57,29.2,358.67,494.7,TRX20241225-918,124
919,20240504,1133,2079,3214,4031,1346,4320.66,376.03,1480.6,2464.03,TRX20240504-919,124
920,20240809,1096,2198,3268,4031,1630,3260.0,33.16,1238.8,1988.04,TRX20240809-920,150
921,20240110,1184,2041,3167,4038,443,1036.62,39.71,349.97,646.94,TRX20240110-921,123
922,20240422,1048,2151,3011,4073,1080,3715.2,251.41,1242.0,2221.79,TRX20240422-922,108
923,20240920,1049,2182,3262,4027,4553,17756.7,484.58,8787.29,8484.83,TRX20240920-923,126
924,20241007,1047,2057,3113,4081,3442,12322.36,985.08,3958.3,7378.98,TRX20241007-924,134
925,20240609,1084,2101,3221,4070,942,1620.24,109.23,621.72,889.29,TRX20240609-925,125
926,20240424,1030,2062,3017,4067,7369,9506.01,878.29,3316.05,5311.67,TRX20240424-926,143
927,20240802,1058,2156,3044,4031,3894,15537.06,113.28,7593.3,7830.48,TRX20240802-927,142
928,20240520,1132,2141,3246,4042,833,1924.23,26.24,691.39,1206.6,TRX20240520-928,126
929,20240801,1155,2117,3133,4005,432,1602.72,128.62,639.36,834.74,TRX20240801-929,103
930,20241110,1147,2119,3170,4065,821,1863.67,181.57,779.95,902.15,TRX20241110-930,130
931,20240809,1009,2168,3012,4039,5760,19929.6,1058.35,9043.2,9828.05,TRX20240809-931,130
932,20240124,1053,2144,3256,4015,1764,4709.88,206.53,1887.48,2615.87,TRX20240124-932,107
933,20240530,1032,2199,3257,4056,4496,15511.2,1045.3,5260.32,9205.58,TRX20240530-933,114
934,20240303,1180,2009,3167,4004,4662,16410.24,1088.49,5780.88,9540.87,TRX20240303-934,123
935,20240923,1156,2093,3213,4057,964,2573.88,140.82,857.96,1575.1,TRX20240923-935,136
936,20240329,1055,2176,3095,4078,4314,8973.12,589.8,2890.38,5492.94,TRX20240329-936,146
937,20240326,1142,2034,3159,4008,366,1610.4,97.92,702.72,809.76,TRX20240326-937,118
938,20240228,1058,2007,3026,4061,3436,10170.56,492.59,4604.24,5073.73,TRX20240228-938,149
939,20240823,1132,2063,3151,4090,756,1383.48,137.93,483.84,761.71,TRX20240823-939,122
940,20240628,1154,2147,3270,4016,144,318.24,8.71,142.56,166.97,TRX20240628-940,136
941,20240524,1162,2172,3183,4067,4500,11160.0,734.23,4545.0,5880.77,TRX20240524-941,114
942,20240415,1036,2145,3140,4072,7557,20328.33,351.23,7405.86,12571.24,TRX20240415-942,124
943,20240820,1101,2139,3237,4056,539,1633.17,112.02,549.78,971.37,TRX20240820-943,137
944,20240909,1094,2126,3229,4043,2395,5077.4,213.52,2155.5,2708.38,TRX20240909-944,103
945,20241101,1094,2151,3256,4061,2095,7039.2,211.69,2346.4,4481.11,TRX20241101-945,130
946,20241204,1187,2163,3229,4092,511,623.42,57.96,194.18,371.28,TRX20241204-946,101
947,20240619,1152,2165,3255,4018,467,1344.96,91.07,410.96,842.93,TRX20240619-947,132
948,20241114,1189,2015,3285,4091,373,966.07,29.37,358.08,578.62,TRX20241114-948,130
949,20240407,1147,2115,3187,4082,823,1934.05,47.89,674.86,1211.3,TRX20240407-949,146
950,20241205,1001,2137,3084,4071,8506,21435.12,959.44,6889.86,13585.82,TRX20241205-950,110
951,20240211,1186,2007,3080,4080,805,2302.3,124.42,1046.5,1131.38,TRX20240211-951,139
952,20240315,1161,2067,3145,4095,1285,2659.95,208.91,1285.0,1166.04,TRX20240315-952,142
953,20240408,1010,2046,3075,4017,8246,28448.7,2570.04,13111.14,12767.52,TRX20240408-953,101
954,20240713,1078,2140,3274,4067,5140,5140.0,300.06,1901.8,2938.14,TRX20240713-954,141
955,20241222,1186,2054,3176,4033,324,968.76,55.46,417.96,495.34,TRX20241222-955,111
956,20241216,1161,2142,3218,4047,2115,4589.55,206.08,2199.6,2183.87,TRX20241216-956,102
957,20240106,1098,2107,3174,4014,663,1969.11,91.27,702.78,1175.06,TRX20240106-957,130
958,20240514,1180,2102,3229,4032,803,2641.87,119.29,1027.84,1494.74,TRX20240514-958,106
959,20240311,1169,2196,3268,4092,3990,12927.6,1230.88,6463.8,5232.92,TRX20240311-959,118
960,20240103,1008,2091,3259,4013,2129,2767.7,210.29,894.18,1663.23,TRX20240103-960,109
961,20241203,1027,2181,3074,4090,6848,21776.64,152.27,7464.32,14160.05,TRX20241203-961,127
962,20241103,1060,2152,3142,4012,3490,10051.2,97.38,4955.8,4998.02,TRX20241103-962,140
963,20241203,1060,2167,3083,4080,2363,7372.56,211.41,3166.42,3994.73,TRX20241203-963,110
964,20240228,1075,2009,3165,4043,4645,10404.8,645.03,4737.9,5021.87,TRX20240228-964,135
965,20240605,1049,2021,3024,4005,1856,6161.92,59.35,2895.36,3207.21,TRX20240605-965,134
966,20240112,1026,2010,3123,4076,8916,29422.8,97.49,10520.88,18804.43,TRX20240112-966,150
967,20240218,1156,2143,3290,4091,395,1224.5,5.37,446.35,772.78,TRX20240218-967,101
968,20240204,1149,2021,3255,4011,152,545.68,21.55,180.88,343.25,TRX20240204-968,142
969,20240226,1138,2067,3031,4007,2059,6568.21,167.45,2470.8,3929.96,TRX20240226-969,127
970,20240526,1175,2084,3030,4003,2657,8183.56,316.6,3400.96,4466.0,TRX20240526-970,120
971,20240531,1165,2027,3077,4030,1406,5342.8,461.31,1701.26,3180.23,TRX20240531-971,120
972,20240827,1024,2193,3264,4065,2133,3946.05,146.47,1514.43,2285.15,TRX20240827-972,140
973,20240421,1032,2149,3275,4078,5604,7285.2,571.85,2577.84,4135.51,TRX20240421-973,115
974,20240212,1022,2120,3234,4055,1419,1589.28,1.39,581.79,1006.1,TRX20240212-974,105
975,20240126,1182,2197,3233,4047,90,207.9,0.82,70.2,136.88,TRX20240126-975,124
976,20241115,1100,2055,3195,4014,3432,11016.72,84.01,3329.04,7603.67,TRX20241115-976,130
977,20240629,1097,2095,3189,4084,3700,9546.0,242.59,4514.0,4789.41,TRX20240629-977,135
978,20241224,1092,2014,3111,4057,958,2107.6,129.52,967.58,1010.5,TRX20241224-978,141
979,20240607,1161,2055,3278,4006,4125,11055.0,852.26,4661.25,5541.49,TRX20240607-979,105
980,20240423,1185,2082,3220,4004,183,258.03,17.41,82.35,158.27,TRX20240423-980,143
981,20240608,1178,2038,3265,4009,4983,14849.34,428.1,4783.68,9637.56,TRX20240608-981,149
982,20241003,1027,2111,3018,4041,5071,5730.23,96.47,2738.34,2895.42,TRX20241003-982,110
983,20241015,1058,2161,3244,4006,4734,10414.8,90.48,3881.88,6442.44,TRX20241015-983,139
984,20240321,1011,2159,3104,4046,5622,8657.88,252.04,3598.08,4807.76,TRX20240321-984,143
985,20240428,1057,2151,3281,4023,1484,4956.56,77.64,1706.6,3172.32,TRX20240428-985,134
986,20240214,1011,2152,3204,4076,6968,13378.56,896.99,6549.92,5931.65,TRX20240214-986,131
987,20240320,1080,2159,3155,4038,6071,6556.68,387.15,2428.4,3741.13,TRX20240320-987,136
988,20240629,1044,2123,3197,4059,3607,11253.84,622.8,5302.29,5328.75,TRX20240629-988,131
989,20241225,1170,2057,3002,4045,3324,8742.12,220.98,4055.28,4465.86,TRX20241225-989,139
990,20240808,1026,2063,3133,4069,3139,7219.7,57.06,3390.12,3772.52,TRX20240808-990,138
991,20240331,1149,2096,3075,4037,469,1543.01,149.97,506.52,886.52,TRX20240331-991,137
992,20240826,1092,2172,3273,4083,1850,3052.5,290.15,1443.0,1319.35,TRX20240826-992,120
993,20240102,1168,2159,3165,4075,4243,9461.89,9.74,3436.83,6015.32,TRX20240102-993,139
994,20240202,1100,2011,3215,4099,2498,7269.18,225.49,3322.34,3721.35,TRX20240202-994,106
995,20240605,1103,2033,3203,4044,1605,5970.6,313.54,2969.25,2687.81,TRX20240605-995,137
996,20240728,1088,2148,3063,4089,3776,11630.08,695.3,4984.32,5950.46,TRX20240728-996,147
997,20240224,1060,2184,3158,4034,648,2352.24,215.52,1069.2,1067.52,TRX20240224-997,141
998,20241012,1053,2191,3101,4030,1582,3986.64,203.78,1803.48,1979.38,TRX20241012-998,124
999,20241211,1124,2163,3180,4039,1048,3185.92,249.61,1100.4,1835.91,TRX20241211-999,110
1000,20241101,1119,2151,3235,4009,1568,7228.48,462.35,2994.88,3771.25,TRX20241101-1000,120
