InventoryID,DateKey,ProductID,WarehouseID,Stock_Level,Stock_Value,Reorder_Point,Safety_Stock,DaysOfSupply,Stockout_Flag,Stock_Utilization,Stockout_Risk,Reorder_Needed
168,20240101,1046,5037,131106,208569.17418817623,35097,13333,17,0,56.2,0.0,0
574,20240101,1171,5042,111667,186801.6828641635,25984,9445,22,0,35.0,0.0,0
262,20240102,1091,5028,119551,89594.72300857719,27118,12069,23,0,54.73,0.0,0
730,20240102,1116,5065,52383,66364.3466509745,17478,7436,22,0,51.95,0.0,0
417,20240102,1057,5079,56025,124383.0989158294,15318,6605,16,0,32.18,0.0,0
918,20240103,1008,5001,300742,215508.92577657418,66412,24508,14,0,66.76,0.0,0
485,20240103,1051,5045,138493,188557.65735061766,30627,14094,18,0,45.93,0.0,0
103,20240103,1025,5098,55124,130543.8704434251,12154,4619,13,0,52.65,0.0,0
857,20240104,1022,5040,177616,421791.2654962804,34789,12468,16,0,94.19,0.0,0
315,20240104,1172,5052,88352,134211.11905433738,34186,12750,15,0,37.52,0.0,0
203,20240104,1150,5087,20736,13165.631714722604,12514,5306,14,0,13.41,0.0,0
714,20240105,1178,5057,123801,255031.76147171718,38170,12338,19,0,54.6,0.0,0
94,20240105,1002,5096,113050,98253.64991571417,14664,6664,20,0,73.88,0.0,0
394,20240106,1050,5011,110142,255492.00480759164,41119,16605,11,0,25.13,0.0,0
773,20240107,1152,5001,88108,162378.81730334632,62249,23026,12,0,19.56,0.0,0
556,20240107,1077,5003,299584,274994.2148211962,67583,29098,15,0,45.49,0.0,0
435,20240107,1146,5006,100915,228503.65351084853,49172,21442,17,0,23.13,0.0,0
816,20240107,1188,5040,31225,44012.41284574497,23807,9478,14,0,16.56,0.0,0
66,20240107,1122,5047,93020,113332.7697708389,31040,11934,19,0,40.26,0.0,0
957,20240107,1159,5063,21383,51396.39686608437,14281,4745,14,0,14.18,0.0,0
937,20240107,1028,5065,99868,84209.18275828719,13357,5839,21,0,99.03,0.0,0
44,20240107,1089,5077,51591,123679.4125259391,13954,6486,20,0,43.69,0.0,0
821,20240107,1007,5100,81840,104599.90567826027,13677,5702,18,0,53.63,0.0,0
828,20240108,1146,5032,61043,138072.85291347696,26514,12441,19,0,21.23,0.0,0
190,20240108,1126,5036,66795,61299.84646764076,29058,11791,16,0,18.94,0.0,0
283,20240108,1133,5037,68733,81357.01856381139,32584,12811,14,0,29.47,0.0,0
746,20240108,1161,5038,90422,210062.6015690581,28874,11208,16,0,51.58,0.0,0
254,20240109,1073,5085,80298,53252.58395995066,14040,5544,22,0,71.6,0.0,0
858,20240110,1134,5033,71255,153733.31921393503,24523,9777,18,0,23.02,0.0,0
998,20240110,1054,5046,143251,79879.95020261192,30439,10946,22,0,42.16,0.0,0
824,20240110,1002,5053,192848,282025.4259566672,25795,12536,20,0,94.95,0.0,0
75,20240110,1165,5066,55391,92112.56970206345,17453,6713,16,0,35.27,0.0,0
538,20240110,1081,5085,53425,71802.64549746229,16187,6514,18,0,47.64,0.0,0
201,20240111,1056,5025,145505,333351.46365203144,31844,14479,19,0,65.17,0.0,0
266,20240112,1147,5002,151795,207383.02987907815,76854,33450,17,0,33.82,0.0,0
412,20240112,1028,5022,195724,487008.7340725323,29864,12291,20,0,62.5,0.0,0
214,20240112,1076,5025,210681,268502.15718143404,35779,15461,22,0,94.36,0.0,0
370,20240112,1024,5027,302451,534963.4743759625,28117,11314,29,0,100.0,0.0,0
308,20240112,1110,5090,63202,107649.89129952602,16287,5950,30,0,37.82,0.0,0
293,20240113,1119,5034,74393,71764.64210823287,35582,14344,16,0,37.34,0.0,0
39,20240113,1121,5057,102627,97771.62309281262,31961,14703,20,0,45.26,0.0,0
74,20240113,1149,5078,32415,58319.01137825837,18038,6519,17,0,24.32,0.0,0
182,20240113,1011,5084,97461,50253.168395497196,16810,6684,16,0,95.21,0.0,0
449,20240113,1116,5086,37517,90241.30362459816,16228,6268,17,0,31.99,0.0,0
642,20240114,1049,5004,306998,547708.1085084229,87726,35433,16,0,46.35,0.0,0
848,20240114,1109,5029,55997,136965.22430256533,35567,15287,11,0,18.51,0.0,0
929,20240114,1175,5058,147915,304905.20129208185,36865,14338,21,0,58.24,0.0,0
992,20240114,1001,5061,58063,107136.34146674095,14417,5983,11,0,43.2,0.0,0
769,20240114,1193,5071,21564,49533.5692201721,12365,4427,19,0,13.62,0.0,0
796,20240114,1171,5076,38202,95225.37902865505,12955,5522,15,0,21.65,0.0,0
549,20240115,1147,5032,77751,187665.22607901305,28313,10761,23,0,27.04,0.0,0
139,20240115,1003,5033,231026,342569.357207899,32408,13234,21,0,74.63,0.0,0
616,20240115,1134,5042,90162,91409.4298926908,30541,13819,18,0,28.26,0.0,0
930,20240115,1115,5052,72333,118293.44097783152,28367,12740,17,0,30.72,0.0,0
463,20240115,1131,5057,94113,185774.6027273856,34106,14412,17,0,41.5,0.0,0
966,20240116,1130,5011,133619,224979.27248989796,48205,22992,17,0,30.48,0.0,0
592,20240117,1168,5030,119752,169069.85552870043,27486,11433,21,0,90.78,0.0,0
373,20240117,1156,5032,62249,134090.70137962268,33396,14093,15,0,21.65,0.0,0
406,20240117,1086,5055,69573,171654.79807494942,30718,11954,14,0,24.66,0.0,0
264,20240117,1033,5075,114557,179791.72645534473,18878,7551,19,0,99.36,0.0,0
972,20240117,1177,5093,60783,33581.810572398965,16293,6612,20,0,40.02,0.0,0
85,20240118,1154,5029,87813,60566.57906506619,37316,12747,22,0,29.02,0.0,0
764,20240118,1086,5072,38636,55498.03052116236,18409,6317,13,0,29.06,0.0,0
482,20240119,1052,5012,221653,508745.672382485,45549,21418,19,0,62.51,0.0,0
407,20240119,1071,5069,89597,65652.19925259451,14179,5450,23,0,100.0,0.0,0
782,20240119,1187,5074,32588,49768.28830474124,13941,5709,26,0,42.42,0.0,0
178,20240120,1075,5034,199214,258742.15074554927,34420,13839,21,0,100.0,0.0,0
267,20240121,1153,5055,61853,42661.00742214736,31386,11321,18,0,21.92,0.0,0
548,20240122,1040,5012,354569,525943.1446302534,43551,17210,23,0,100.0,0.0,0
542,20240122,1075,5018,242546,201938.34475533152,49033,20000,18,0,66.44,0.0,0
22,20240122,1164,5029,121644,199107.12310575228,29535,10419,23,0,40.2,0.0,0
983,20240122,1177,5036,118057,199212.09248895332,34195,13746,19,0,33.48,0.0,0
818,20240122,1061,5048,106785,176731.0442894956,26367,10523,15,0,60.41,0.0,0
611,20240122,1127,5079,28211,58924.030937308795,12518,4991,13,0,16.2,0.0,0
207,20240122,1154,5097,26969,18275.13388167944,13046,5108,18,0,34.13,0.0,0
369,20240123,1146,5028,65074,108568.84437868829,27190,10628,20,0,29.79,0.0,0
581,20240123,1092,5043,61840,147602.89544448897,26443,10914,13,0,25.21,0.0,0
931,20240123,1002,5066,76702,154737.75126283814,14365,5702,17,0,48.84,0.0,0
634,20240123,1049,5072,66667,155230.99877215872,17094,6224,17,0,50.15,0.0,0
404,20240123,1147,5078,42022,83711.8650665962,14191,5554,26,0,31.53,0.0,0
788,20240123,1077,5081,68645,77545.11155068009,12999,4823,20,0,44.46,0.0,0
968,20240124,1020,5041,156649,142668.1050378071,27070,10653,17,0,88.31,0.0,0
523,20240124,1092,5045,80501,189507.02391883012,26340,11733,17,0,26.7,0.0,0
248,20240124,1142,5084,23152,15863.152720334494,12889,5186,14,0,22.62,0.0,0
637,20240125,1114,5028,85064,101825.54714719119,33877,12018,20,0,38.94,0.0,0
521,20240126,1117,5021,73958,43634.68925081112,35658,12916,16,0,22.05,0.0,0
758,20240126,1066,5030,131909,279291.2903181821,28963,10487,17,0,100.0,0.0,0
468,20240127,1160,5023,46683,109325.34263095552,33339,13096,11,0,15.61,0.0,0
709,20240127,1019,5091,64109,43302.74134218975,14040,5166,13,0,69.02,0.0,0
131,20240128,1189,5043,51903,96918.97706207243,30370,11956,18,0,21.16,0.0,0
915,20240128,1163,5097,68500,140427.3157951913,17562,6793,19,0,86.68,0.0,0
514,20240129,1139,5016,107495,246467.07985689316,47018,18004,15,0,25.18,0.0,0
578,20240129,1188,5037,40288,94317.62466013547,27323,12248,14,0,17.27,0.0,0
669,20240129,1117,5039,81550,130050.42687077413,36909,14869,17,0,30.07,0.0,0
494,20240129,1063,5057,169831,280091.7300690284,24212,9331,25,0,74.9,0.0,0
648,20240130,1140,5032,108970,128926.64220714194,35459,13317,19,0,37.89,0.0,0
62,20240130,1046,5035,95993,132696.04878729235,23529,11096,16,0,39.58,0.0,0
408,20240130,1137,5055,93301,194061.02048119038,34211,14336,16,0,33.07,0.0,0
591,20240131,1017,5035,234317,195732.30486686513,29649,13002,21,0,96.61,0.0,0
355,20240131,1134,5049,80384,180377.01202543644,28494,13700,16,0,44.96,0.0,0
850,20240131,1055,5075,46894,86560.50978404436,13501,5366,16,0,40.67,0.0,0
45,20240131,1099,5076,38990,40397.76621812051,13358,4922,17,0,22.09,0.0,0
446,20240201,1030,5061,90571,154981.92505073268,16633,5873,17,0,67.38,0.0,0
825,20240201,1129,5065,74273,160147.99157175652,18823,8146,27,0,73.65,0.0,0
466,20240201,1103,5082,44042,91428.60686044725,18733,7470,18,0,27.51,0.0,0
840,20240201,1125,5096,57577,73482.36840533627,17172,7522,22,0,37.63,0.0,0
529,20240202,1173,5016,156693,294160.1640298188,50554,18912,16,0,36.7,0.0,0
700,20240202,1177,5038,111922,104129.46241839815,32021,11697,19,0,63.84,0.0,0
710,20240204,1124,5072,39690,97528.96371077254,14570,5526,18,0,29.86,0.0,0
377,20240205,1128,5068,31747,78519.6306542998,14184,5891,15,0,23.32,0.0,0
232,20240205,1156,5096,28852,46196.36208527329,13647,5221,18,0,18.86,0.0,0
389,20240206,1009,5045,219305,507807.9222375094,36168,14079,18,0,72.73,0.0,0
695,20240206,1079,5081,79245,61501.99926969849,12889,6084,20,0,51.33,0.0,0
748,20240207,1147,5055,60021,54910.57387011978,34997,12928,16,0,21.27,0.0,0
343,20240207,1179,5064,57792,46417.968376854034,14860,5664,19,0,53.12,0.0,0
426,20240207,1081,5073,56239,83308.19604003703,18497,7275,19,0,46.34,0.0,0
260,20240207,1127,5090,42872,56539.644075116914,18596,8241,15,0,25.66,0.0,0
841,20240208,1154,5039,55302,36724.076447332176,33672,12808,15,0,20.39,0.0,0
127,20240208,1075,5047,132395,76871.03324736738,25859,11323,18,0,57.3,0.0,0
868,20240209,1171,5058,110158,253908.99342711634,28191,10594,19,0,43.38,0.0,0
696,20240209,1068,5095,85852,211439.19036628678,16655,6437,20,0,63.19,0.0,0
855,20240209,1110,5100,48721,120483.82062045319,12889,5080,30,0,31.92,0.0,0
724,20240210,1035,5002,372882,435394.9530525518,83951,35651,13,0,83.07,0.0,0
677,20240210,1189,5002,134962,127755.58433451831,73975,31676,18,0,30.07,0.0,0
922,20240210,1025,5042,114904,185023.31320149955,26617,10238,13,0,36.02,0.0,0
213,20240210,1130,5090,27436,62023.66661741051,14117,6087,12,0,16.42,0.0,0
960,20240211,1174,5006,182138,355546.7212722018,63698,25426,15,0,41.75,0.0,0
218,20240211,1166,5009,200353,383532.82927477895,63465,23190,16,0,42.62,0.0,0
938,20240211,1099,5030,107427,141166.0277516436,35234,15076,16,0,81.44,0.0,0
718,20240211,1061,5064,108708,149969.59121969232,15541,7227,22,0,99.93,0.0,0
108,20240211,1116,5072,33934,73772.21164802944,15359,5651,16,0,25.53,0.0,0
226,20240211,1001,5075,90192,206284.34062365425,16403,6472,15,0,78.23,0.0,0
151,20240211,1108,5093,29228,23855.679742080818,14654,5955,15,0,19.24,0.0,0
80,20240212,1022,5026,200061,359819.59416402195,36773,12759,17,0,57.53,0.0,0
993,20240212,1189,5050,36762,50999.70399578738,23332,9933,16,0,14.5,0.0,0
810,20240212,1101,5079,38878,37578.17107021908,12830,5330,22,0,22.33,0.0,0
956,20240212,1047,5080,53186,123130.95212294214,14451,6859,15,0,35.46,0.0,0
484,20240212,1058,5089,75645,160345.48305136137,16632,7463,19,0,64.99,0.0,0
513,20240213,1071,5038,131858,234418.20977916472,22655,10516,19,0,75.21,0.0,0
104,20240213,1017,5069,65725,120900.84544378171,11890,5476,15,0,73.36,0.0,0
206,20240213,1115,5081,55931,125657.73431828924,18424,6975,23,0,36.23,0.0,0
763,20240214,1146,5035,48081,81764.75991765324,26230,10589,16,0,19.82,0.0,0
292,20240214,1156,5085,42255,88502.61903342242,17992,6346,22,0,37.68,0.0,0
649,20240215,1181,5011,85899,95577.16153902576,51036,23824,16,0,19.6,0.0,0
802,20240216,1097,5090,48593,30469.04906679231,15776,6067,19,0,29.08,0.0,0
920,20240217,1131,5037,75634,169078.8338656418,26902,11005,17,0,32.42,0.0,0
15,20240217,1068,5038,79132,163296.8269006099,22397,9046,12,0,45.14,0.0,0
530,20240217,1031,5040,188582,227769.51184986357,31689,11337,18,0,100.0,0.0,0
368,20240218,1157,5030,45798,28909.594189659783,27219,11343,13,0,34.72,0.0,0
665,20240218,1113,5071,33847,21707.125104350707,13732,5973,16,0,21.38,0.0,0
582,20240219,1074,5007,278729,483867.5597437505,48306,22040,19,0,68.16,0.0,0
24,20240219,1178,5052,102959,160602.35044852254,32299,11992,17,0,43.73,0.0,0
477,20240219,1045,5059,110640,228881.01554350514,22806,10498,20,0,71.85,0.0,0
587,20240220,1062,5078,61565,99573.0570761177,14378,6238,16,0,46.19,0.0,0
990,20240222,1159,5056,61523,45108.43508488134,35280,13852,16,0,20.01,0.0,0
612,20240222,1044,5065,53843,41310.73766999493,12401,5204,20,0,53.39,0.0,0
563,20240223,1020,5006,314638,304428.843418174,51678,17873,19,0,72.13,0.0,0
54,20240223,1179,5024,124090,259982.5366303878,32187,12213,21,0,44.19,0.0,0
747,20240223,1148,5053,91592,218150.75150994884,35429,14779,24,0,45.1,0.0,0
492,20240224,1111,5059,77099,45227.24286656006,29991,12622,18,0,50.07,0.0,0
974,20240224,1063,5076,55189,97458.10317119618,14215,5697,14,0,31.27,0.0,0
329,20240225,1087,5024,110034,150465.27743946624,35009,12420,19,0,39.19,0.0,0
936,20240225,1178,5024,83498,71372.88231610089,30435,9884,16,0,29.74,0.0,0
361,20240226,1079,5044,137211,135092.83128951886,22949,9773,19,0,60.43,0.0,0
583,20240227,1095,5013,227319,488003.3456210171,60885,21911,22,0,59.93,0.0,0
43,20240227,1167,5014,220104,312472.0637052291,58502,25808,19,0,68.23,0.0,0
545,20240227,1083,5020,180802,98899.32172402539,71150,25329,16,0,39.34,0.0,0
450,20240227,1167,5047,122682,278583.6330960879,29016,12677,20,0,53.1,0.0,0
427,20240227,1031,5057,214501,513390.3262881585,26684,10966,23,0,94.59,0.0,0
606,20240228,1122,5001,236904,419631.1070847908,77187,32269,19,0,52.59,0.0,0
635,20240228,1193,5009,65599,131337.0633970586,44702,21256,14,0,13.95,0.0,0
382,20240228,1157,5029,83973,43408.409008241215,29529,13827,23,0,27.75,0.0,0
155,20240228,1163,5050,140681,102016.33173630248,37186,13511,21,0,55.49,0.0,0
188,20240229,1184,5007,88596,194559.23909546575,44233,19533,20,0,21.66,0.0,0
53,20240229,1153,5029,54125,131706.34491921513,23566,10067,19,0,17.89,0.0,0
995,20240229,1113,5063,23493,46943.15308420021,13546,4950,13,0,15.58,0.0,0
32,20240229,1034,5068,95607,93908.36310227122,13184,4907,21,0,70.22,0.0,0
674,20240229,1195,5071,35360,67530.51882323761,13530,5394,28,0,22.33,0.0,0
250,20240229,1033,5096,114351,244369.78151665008,16295,7330,20,0,74.73,0.0,0
866,20240301,1047,5007,263970,588371.3210702084,44376,19804,25,0,64.55,0.0,0
706,20240301,1119,5063,51123,76591.4489982777,12665,5453,30,0,33.91,0.0,0
399,20240301,1165,5066,95364,91065.90075449769,17187,7862,27,0,60.73,0.0,0
604,20240301,1071,5079,115462,161474.9169570234,15526,6363,26,0,66.32,0.0,0
40,20240302,1083,5008,245144,270444.38184485846,60712,23973,22,0,46.89,0.0,0
703,20240302,1104,5010,148084,95082.55041709145,51845,19957,20,0,33.17,0.0,0
864,20240302,1052,5019,231712,500835.9387350698,57916,23007,18,0,37.77,0.0,0
873,20240302,1026,5046,183153,271354.735088052,30742,12100,19,0,53.91,0.0,0
896,20240302,1190,5055,35950,76712.94068774226,21712,10009,16,0,12.74,0.0,0
681,20240302,1156,5068,40034,53630.013261148284,15708,6576,24,0,29.4,0.0,0
148,20240302,1004,5077,91112,192854.01978411482,18413,6485,15,0,77.16,0.0,0
42,20240303,1071,5026,215150,479058.79564955493,31101,12332,24,0,61.87,0.0,0
921,20240303,1147,5092,41946,78108.88281033387,18340,7621,21,0,46.44,0.0,0
826,20240303,1008,5093,140461,269731.5869590857,16636,6779,25,0,92.48,0.0,0
737,20240304,1130,5008,170254,344380.6086778956,46802,19491,22,0,32.57,0.0,0
907,20240304,1157,5048,74936,166842.15091928604,27635,10788,26,0,42.39,0.0,0
17,20240307,1145,5019,149944,149196.27086076842,44799,16996,29,0,24.44,0.0,0
431,20240307,1067,5044,215445,462423.83360203763,29360,11279,28,0,94.89,0.0,0
212,20240307,1070,5046,170199,329821.91052512004,24941,10043,25,0,50.09,0.0,0
390,20240307,1151,5065,36369,86520.24469921006,15267,5999,21,0,36.06,0.0,0
415,20240307,1120,5089,39911,30242.515107888947,14773,5901,22,0,34.29,0.0,0
342,20240308,1173,5027,140654,300599.9182167053,32131,12805,23,0,46.5,0.0,0
443,20240309,1159,5024,68766,42065.51541448624,36483,14433,17,0,24.49,0.0,0
240,20240309,1033,5068,95361,80409.51720475398,13652,5144,21,0,70.04,0.0,0
888,20240310,1011,5016,222300,409414.90785097383,40331,19359,15,0,52.07,0.0,0
735,20240310,1014,5028,218430,127927.09558024441,26895,10938,22,0,100.0,0.0,0
836,20240310,1192,5042,34908,53444.69353914471,22931,10644,15,0,10.94,0.0,0
789,20240310,1116,5087,46590,42615.12457782888,18846,7294,19,0,30.13,0.0,0
726,20240311,1112,5007,156920,80101.36624009606,49152,20366,22,0,38.37,0.0,0
282,20240311,1137,5038,98983,153090.69066584503,28579,10073,25,0,56.46,0.0,0
512,20240311,1027,5056,307424,189148.95511658886,35641,14105,26,0,100.0,0.0,0
975,20240311,1165,5068,44112,68016.08848241266,14817,6270,16,0,32.4,0.0,0
599,20240311,1180,5098,63156,96343.0047401005,14492,5854,23,0,60.32,0.0,0
794,20240312,1010,5010,373518,603631.8110654504,41978,15386,26,0,83.67,0.0,0
76,20240312,1144,5056,85593,201203.198190135,29451,11672,27,0,27.84,0.0,0
595,20240312,1135,5087,42714,72045.75516355518,14066,5716,19,0,27.62,0.0,0
741,20240313,1172,5004,354369,334715.6422275977,93583,37454,19,0,53.5,0.0,0
467,20240313,1020,5088,169895,238402.62268857603,16229,6232,30,0,100.0,0.0,0
183,20240314,1037,5026,217245,228175.63673974728,31469,14710,18,0,62.47,0.0,0
900,20240314,1030,5057,226758,260846.83599813055,34113,12935,20,0,100.0,0.0,0
989,20240314,1017,5066,105213,201968.90424310186,17262,6706,19,0,67.0,0.0,0
940,20240314,1139,5070,59576,143176.9295942756,15266,7210,23,0,52.0,0.0,0
619,20240315,1156,5072,48977,95803.01484197025,15475,6514,27,0,36.84,0.0,0
265,20240316,1056,5017,198403,196461.70676797637,46515,18726,19,0,51.99,0.0,0
153,20240316,1035,5027,195125,194855.8317288333,35145,14504,16,0,64.51,0.0,0
561,20240317,1155,5018,113074,114729.5746021533,60055,22396,18,0,30.97,0.0,0
469,20240317,1084,5078,45066,23436.439995870056,15885,5314,18,0,33.81,0.0,0
629,20240318,1084,5020,237553,204064.05802475233,43113,17783,30,0,51.69,0.0,0
981,20240318,1034,5032,287577,713046.9909864255,33523,13633,25,0,100.0,0.0,0
181,20240319,1125,5071,68784,44042.654329613084,16592,5961,28,0,43.44,0.0,0
834,20240319,1135,5082,65076,101131.42099035037,13971,6029,30,0,40.65,0.0,0
258,20240320,1014,5006,436236,659071.9939204061,53486,23520,22,0,100.0,0.0,0
82,20240320,1120,5063,52565,130191.69348356966,18735,6522,22,0,34.86,0.0,0
86,20240320,1174,5087,53363,100991.3821427997,14895,5049,20,0,34.5,0.0,0
79,20240321,1052,5072,82860,197252.55630785157,12207,5378,27,0,62.33,0.0,0
733,20240322,1158,5038,112542,175298.00424805502,33013,13647,28,0,64.2,0.0,0
910,20240322,1164,5056,189890,192381.7541141785,40055,13142,27,0,61.77,0.0,0
421,20240322,1094,5076,75477,69418.4430863449,17912,7245,24,0,42.77,0.0,0
344,20240322,1139,5076,65156,47624.94734966244,18176,7096,25,0,36.92,0.0,0
453,20240323,1198,5030,48316,44288.13607956703,28564,11658,17,0,36.63,0.0,0
402,20240323,1022,5072,99533,133359.72894242808,16075,6723,19,0,74.87,0.0,0
89,20240323,1035,5084,75706,149468.71719578456,16332,7325,13,0,73.96,0.0,0
909,20240323,1007,5093,105093,55305.63818657671,12256,5316,23,0,69.2,0.0,0
845,20240324,1152,5001,104428,241832.06018674394,61786,26711,14,0,23.18,0.0,0
881,20240324,1161,5012,232782,233373.1871694181,50437,18561,24,0,65.65,0.0,0
90,20240327,1145,5039,73805,77595.34828666507,24392,9767,25,0,27.22,0.0,0
786,20240327,1184,5039,64788,137173.9201215798,29019,12739,24,0,23.89,0.0,0
143,20240327,1107,5051,109974,254568.6869983529,26677,12166,28,0,46.93,0.0,0
71,20240327,1064,5069,71346,87140.88039413495,12906,4584,21,0,79.63,0.0,0
473,20240328,1066,5016,409004,383586.34024854423,52954,20951,27,0,95.8,0.0,0
770,20240328,1033,5066,141988,224704.71221809744,14906,5790,27,0,90.42,0.0,0
728,20240328,1085,5098,58371,64507.63289216325,18738,7025,19,0,55.75,0.0,0
341,20240329,1148,5025,79783,177770.80099223848,28536,11071,26,0,35.73,0.0,0
489,20240329,1103,5036,97242,87809.26162790842,27217,11233,27,0,27.58,0.0,0
720,20240329,1096,5064,65465,133394.28969874213,12405,5822,29,0,60.18,0.0,0
679,20240329,1022,5072,132933,113990.86412779852,17071,6587,24,0,100.0,0.0,0
568,20240331,1185,5007,82440,129096.0066098523,39605,17205,20,0,20.16,0.0,0
303,20240331,1044,5051,127457,69513.77964562431,24414,10058,23,0,54.39,0.0,0
835,20240401,1130,5012,149292,189592.97824693745,44684,17584,22,0,42.11,0.0,0
162,20240402,1162,5010,292163,256732.8744036232,66487,24774,24,0,65.45,0.0,0
230,20240402,1143,5036,93302,172312.58155209603,30955,14308,25,0,26.46,0.0,0
83,20240402,1056,5049,178805,254534.75476655527,34149,12078,24,0,100.0,0.0,0
528,20240402,1124,5053,113257,96450.55693977725,36730,14212,22,0,55.76,0.0,0
383,20240402,1175,5095,67635,121867.31544474262,18319,7905,19,0,49.78,0.0,0
999,20240403,1164,5031,165289,99798.0642633236,36018,16222,23,0,98.9,0.0,0
452,20240403,1191,5037,65050,128796.5159052038,28771,12523,21,0,27.89,0.0,0
255,20240403,1004,5044,185848,305862.22895128035,27375,9590,21,0,81.85,0.0,0
102,20240403,1109,5054,72955,66892.35018283028,28209,10438,19,0,27.56,0.0,0
832,20240403,1109,5062,27462,52107.122792686765,13781,4615,16,0,20.71,0.0,0
506,20240403,1034,5083,126638,214911.6491201788,14640,6001,26,0,100.0,0.0,0
672,20240404,1088,5050,137670,81381.1668670077,30335,14444,25,0,54.31,0.0,0
49,20240405,1019,5024,258084,227830.4604099309,32966,12774,23,0,91.91,0.0,0
948,20240405,1093,5053,144065,292308.85717402515,27721,12115,29,0,70.93,0.0,0
853,20240405,1037,5061,96319,152006.43715092927,15820,5345,20,0,71.66,0.0,0
302,20240406,1018,5010,334378,533505.0749492113,45361,16931,23,0,74.9,0.0,0
288,20240406,1011,5055,210183,231849.21583534856,24406,10623,24,0,74.49,0.0,0
270,20240406,1192,5063,27728,68758.49723011411,13908,4908,22,0,18.39,0.0,0
221,20240406,1164,5092,57306,67971.22692359904,14382,4976,22,0,63.45,0.0,0
722,20240407,1033,5027,208531,199960.80396706096,36776,14473,17,0,68.95,0.0,0
269,20240407,1156,5083,47491,70683.6799546237,17719,6217,25,0,37.5,0.0,0
620,20240407,1149,5088,27564,47189.36152389742,13907,5765,17,0,16.22,0.0,0
1000,20240408,1056,5014,322582,216472.941799431,63594,25840,23,0,100.0,0.0,0
624,20240409,1057,5071,86647,70107.52074774099,15836,5902,24,0,54.72,0.0,0
812,20240409,1057,5082,61856,56027.867930782835,13795,5398,22,0,38.64,0.0,0
947,20240411,1004,5011,423870,666437.5695394338,52723,20739,25,0,96.7,0.0,0
971,20240411,1138,5043,91287,156621.18749825575,37406,16270,16,0,37.21,0.0,0
877,20240411,1123,5050,140978,349006.8788806655,34862,13138,28,0,55.61,0.0,0
401,20240411,1130,5083,51833,52879.74497641026,14164,5581,25,0,40.93,0.0,0
209,20240411,1162,5093,54140,49887.54720019738,13137,5071,21,0,35.65,0.0,0
849,20240412,1150,5038,111966,96044.59715388852,35879,13832,30,0,63.87,0.0,0
170,20240412,1144,5073,47718,24293.237149587745,15550,5682,29,0,39.32,0.0,0
298,20240412,1192,5094,46888,76902.5037025114,15835,7471,30,0,36.07,0.0,0
247,20240412,1078,5100,79803,155144.99906926256,12558,5537,21,0,52.29,0.0,0
88,20240413,1017,5084,102363,236058.6343971418,15186,5952,19,0,100.0,0.0,0
249,20240413,1061,5099,81206,115429.19089345449,15815,6008,19,0,69.61,0.0,0
135,20240414,1107,5029,127856,114271.96877449013,37804,13511,27,0,42.26,0.0,0
768,20240414,1028,5033,211881,322628.0441398039,23627,9912,24,0,68.45,0.0,0
316,20240414,1051,5067,63142,85844.67375627294,13215,5351,21,0,46.9,0.0,0
191,20240414,1141,5077,25067,52635.538717645955,13795,5100,17,0,21.23,0.0,0
925,20240415,1028,5032,232794,322052.962625496,29028,11900,22,0,80.95,0.0,0
164,20240415,1046,5067,72120,113979.19516380572,13663,5135,25,0,53.57,0.0,0
859,20240416,1062,5031,167128,332099.8976538204,28522,12018,22,0,100.0,0.0,0
97,20240416,1031,5032,225900,247675.05334707786,30079,12081,22,0,78.55,0.0,0
586,20240416,1189,5038,79299,179845.7100162091,26047,11276,29,0,45.23,0.0,0
145,20240416,1151,5089,41723,58735.06751341301,14759,6037,26,0,35.85,0.0,0
640,20240417,1003,5025,223282,426253.2880877952,25389,9915,26,0,100.0,0.0,0
225,20240417,1110,5040,77656,91372.55213526508,25365,11573,20,0,41.18,0.0,0
173,20240418,1117,5045,80574,154038.35307576065,24121,9611,23,0,26.72,0.0,0
879,20240419,1152,5034,98184,126874.20733916968,35324,12956,27,0,49.29,0.0,0
751,20240419,1132,5035,167800,269867.26753132005,39308,15589,30,0,69.19,0.0,0
874,20240419,1107,5059,97733,103351.52226359419,32265,12743,22,0,63.47,0.0,0
510,20240419,1051,5068,74166,128189.35569250444,12526,5132,24,0,54.47,0.0,0
978,20240421,1064,5012,271531,198215.6708916183,44964,19510,22,0,76.58,0.0,0
154,20240421,1179,5014,264725,558998.7400167561,61416,23057,22,0,82.06,0.0,0
500,20240421,1062,5095,92743,102179.42646951831,14792,5837,24,0,68.27,0.0,0
12,20240422,1015,5011,438323,739014.9586254092,63217,23262,21,0,100.0,0.0,0
745,20240422,1188,5092,27053,43447.76666358482,11301,4919,24,0,29.95,0.0,0
129,20240423,1104,5007,165624,221695.97282654402,53102,22092,24,0,40.5,0.0,0
398,20240423,1030,5043,245333,594669.4732526846,32854,12239,23,0,100.0,0.0,0
760,20240423,1021,5077,83845,200295.1279271913,12795,4630,20,0,71.0,0.0,0
743,20240424,1034,5004,452221,1022798.8712385388,68091,25868,20,0,68.27,0.0,0
310,20240424,1006,5008,286904,240615.23417661036,46925,17453,20,0,54.88,0.0,0
804,20240424,1085,5043,91789,142342.47839655218,38410,14053,15,0,37.41,0.0,0
596,20240425,1142,5028,74865,122256.32570789143,25060,10624,26,0,34.27,0.0,0
234,20240425,1163,5033,129319,216751.0466983109,35536,15848,18,0,41.77,0.0,0
655,20240425,1178,5094,74824,74869.16901634895,20069,6994,21,0,57.56,0.0,0
239,20240426,1114,5062,64416,97521.68407031662,15045,6648,30,0,48.57,0.0,0
26,20240427,1109,5006,135442,129270.11553550808,49028,17712,21,0,31.05,0.0,0
325,20240427,1083,5042,109015,73228.24701743685,29181,11362,20,0,34.17,0.0,0
156,20240427,1119,5052,66961,152865.4668518237,28023,11024,17,0,28.44,0.0,0
409,20240427,1101,5070,52756,62069.96160825888,16495,6869,24,0,46.05,0.0,0
650,20240427,1068,5072,111132,113983.00768694516,16472,5982,25,0,83.6,0.0,0
646,20240427,1121,5089,40420,72030.00302025264,11954,5409,20,0,34.73,0.0,0
725,20240428,1009,5022,171483,268186.12335304404,27100,11112,18,0,54.76,0.0,0
633,20240428,1044,5024,149530,225432.80695647947,33151,14477,18,0,53.25,0.0,0
289,20240428,1182,5079,26927,51960.46923219,15355,6814,17,0,15.47,0.0,0
277,20240429,1197,5002,142506,164298.40478232282,68104,24588,23,0,31.75,0.0,0
839,20240429,1029,5071,128479,171236.97186523676,13991,6332,26,0,81.14,0.0,0
2,20240430,1019,5019,481219,629601.253107719,57135,24377,25,0,78.44,0.0,0
697,20240430,1086,5035,100062,109047.48287286259,33823,15236,17,0,41.26,0.0,0
693,20240501,1129,5006,217693,295634.0751743245,54002,22146,28,0,49.9,0.0,0
750,20240501,1113,5024,106601,76361.53964599807,29213,12228,27,0,37.96,0.0,0
541,20240501,1005,5039,271171,599552.7938367164,34014,12123,25,0,100.0,0.0,0
667,20240502,1164,5005,461534,650838.7633063517,93592,30564,28,0,59.52,0.0,0
647,20240502,1097,5014,181464,375677.3139857195,47088,18741,22,0,56.25,0.0,0
318,20240502,1084,5019,179203,336389.53433364717,48159,22844,20,0,29.21,0.0,0
238,20240502,1064,5027,175067,101009.82719790572,31922,12433,20,0,57.88,0.0,0
623,20240503,1110,5035,97687,165201.52902698325,24090,9537,27,0,40.28,0.0,0
621,20240503,1134,5049,117226,121195.59144908414,26079,10635,30,0,65.56,0.0,0
109,20240503,1160,5056,85792,62549.46389605659,26144,10792,28,0,27.91,0.0,0
338,20240503,1030,5062,132615,216180.11734611038,12169,4855,30,0,100.0,0.0,0
554,20240503,1023,5079,138195,178732.5051954001,14752,6102,29,0,79.37,0.0,0
590,20240503,1002,5096,120891,84980.52000568174,11915,5013,30,0,79.0,0.0,0
820,20240505,1036,5026,232737,396212.34765937855,32176,11985,22,0,66.93,0.0,0
803,20240506,1128,5005,238958,443156.50137499446,78120,30793,18,0,30.81,0.0,0
70,20240506,1019,5026,224590,446391.0797430541,30139,12548,23,0,64.58,0.0,0
625,20240506,1122,5028,96040,177482.1769646414,24399,11582,24,0,43.97,0.0,0
10,20240506,1030,5093,151878,130812.78944184282,17497,6920,25,0,100.0,0.0,0
630,20240507,1020,5058,169148,361097.79662691156,25905,9668,20,0,66.6,0.0,0
740,20240507,1025,5086,117267,236076.36403716874,16122,5721,23,0,100.0,0.0,0
626,20240508,1034,5025,198912,128412.14014805216,25819,11211,22,0,89.09,0.0,0
37,20240509,1017,5004,662382,1584959.430727711,71329,29748,27,0,100.0,0.0,0
927,20240509,1043,5027,161866,366777.1906795273,33765,13787,20,0,53.52,0.0,0
905,20240509,1079,5076,96231,228974.28269729044,14064,5809,23,0,54.53,0.0,0
393,20240509,1098,5088,55949,58326.87335591089,20747,7042,17,0,32.93,0.0,0
366,20240511,1187,5010,99610,222007.75880872062,41702,18069,24,0,22.31,0.0,0
537,20240511,1156,5013,118034,148088.94514161203,47255,17311,23,0,31.12,0.0,0
727,20240512,1157,5084,50370,40955.02017562379,15036,5985,28,0,49.21,0.0,0
766,20240513,1140,5012,129557,182794.4052749855,45650,16613,19,0,36.54,0.0,0
822,20240513,1155,5095,26586,21299.716014276757,13372,5049,18,0,19.57,0.0,0
675,20240514,1040,5005,775484,838799.716112186,80869,35117,29,0,100.0,0.0,0
101,20240514,1084,5021,131801,110940.86829042857,31732,12413,24,0,39.29,0.0,0
158,20240514,1196,5045,64356,117996.25462020643,26154,11292,24,0,21.34,0.0,0
363,20240514,1116,5054,101018,181675.69384162687,33913,13899,23,0,38.17,0.0,0
30,20240515,1149,5008,138175,158699.03775344306,57705,26225,19,0,26.43,0.0,0
902,20240515,1088,5062,75818,104209.27277592091,18938,7690,24,0,57.17,0.0,0
632,20240516,1134,5078,47075,55990.17862541698,15545,5624,20,0,35.32,0.0,0
800,20240516,1142,5084,34179,72869.64722825862,12483,4900,25,0,33.39,0.0,0
961,20240517,1186,5014,112925,179950.73711119502,41428,17879,30,0,35.01,0.0,0
622,20240517,1060,5018,365086,472842.0383376549,63055,25275,28,0,100.0,0.0,0
480,20240518,1146,5080,28839,45947.498569336654,12834,4928,21,0,19.23,0.0,0
759,20240519,1135,5010,214868,136131.0460151014,56635,23569,23,0,48.13,0.0,0
694,20240519,1027,5078,72624,153701.70132794254,12797,4944,17,0,54.49,0.0,0
969,20240519,1092,5099,69800,138182.3853116865,13642,5712,29,0,59.84,0.0,0
721,20240521,1104,5007,161849,256094.03391963206,64986,23307,19,0,39.58,0.0,0
367,20240521,1165,5027,126386,299912.7195154397,29673,10824,22,0,41.79,0.0,0
322,20240521,1057,5037,127204,84101.20067437847,32243,12621,19,0,54.53,0.0,0
861,20240521,1031,5047,231037,201338.5656156577,29446,10717,25,0,100.0,0.0,0
96,20240522,1009,5098,93030,160789.77896235834,12718,4467,22,0,88.85,0.0,0
147,20240523,1048,5001,321161,190499.41573741756,60765,25647,23,0,71.29,0.0,0
882,20240523,1162,5021,158358,217298.94472480798,32588,12779,27,0,47.21,0.0,0
186,20240523,1054,5043,193908,181987.04073737698,32053,11719,28,0,79.04,0.0,0
719,20240523,1148,5071,31068,76947.97866693533,12378,5683,20,0,19.62,0.0,0
263,20240524,1033,5061,134413,226770.92116464453,15204,5734,28,0,100.0,0.0,0
51,20240528,1128,5051,67270,83844.49228145446,24955,9886,16,0,28.71,0.0,0
887,20240528,1050,5055,170007,253595.27038098266,32089,12876,25,0,60.25,0.0,0
997,20240528,1033,5085,112148,180612.38507765761,13804,5212,26,0,100.0,0.0,0
539,20240529,1042,5004,419092,486064.4548366614,71993,29593,24,0,63.27,0.0,0
924,20240529,1031,5048,176767,375912.55935406813,24183,9982,19,0,100.0,0.0,0
462,20240529,1172,5049,160801,233026.3938552305,34627,13323,27,0,89.93,0.0,0
663,20240529,1162,5053,152957,325269.45108273963,31111,12207,24,0,75.31,0.0,0
934,20240530,1171,5010,249011,300828.6433636823,51021,19843,24,0,55.78,0.0,0
276,20240530,1067,5013,379323,722698.7302832125,52338,23635,25,0,100.0,0.0,0
179,20240530,1058,5026,162642,384349.4631597097,35330,14085,20,0,46.77,0.0,0
588,20240530,1151,5033,115609,272370.1410098448,36365,15085,29,0,37.35,0.0,0
297,20240530,1037,5054,245168,172481.80431554042,33329,13768,23,0,92.63,0.0,0
23,20240530,1006,5081,98651,183734.53470898076,13268,5580,20,0,63.9,0.0,0
451,20240530,1087,5088,63742,52272.25101603471,17851,7181,20,0,37.52,0.0,0
691,20240531,1112,5041,106509,87241.88963483064,24731,10594,29,0,60.04,0.0,0
294,20240531,1190,5056,73124,149155.20707303932,29899,11969,27,0,23.79,0.0,0
823,20240531,1022,5058,249678,566926.9670239658,32241,13145,21,0,98.31,0.0,0
520,20240601,1195,5022,67554,124309.64880130783,25206,11880,26,0,21.57,0.0,0
776,20240602,1062,5002,448874,1082024.2920870325,63000,26661,24,0,100.0,0.0,0
194,20240602,1004,5063,91160,160513.24711945688,11666,5076,22,0,60.46,0.0,0
742,20240602,1178,5066,88583,64790.1057983596,17440,7906,25,0,56.41,0.0,0
732,20240602,1143,5067,33029,28538.36191482525,11367,4444,24,0,24.53,0.0,0
906,20240602,1009,5098,104706,247643.71239438606,15288,5971,20,0,100.0,0.0,0
509,20240604,1185,5003,201717,453052.2571593961,74858,33880,27,0,30.63,0.0,0
123,20240604,1127,5060,78620,58747.847661710046,18001,7513,30,0,74.21,0.0,0
559,20240605,1036,5021,335463,677517.937331672,33690,13842,30,0,100.0,0.0,0
21,20240605,1061,5035,242530,224049.4923936091,31762,12503,28,0,100.0,0.0,0
525,20240606,1093,5052,155800,369245.86561830255,28111,13692,30,0,66.17,0.0,0
772,20240606,1148,5082,51749,85451.39958115492,14560,6332,30,0,32.32,0.0,0
420,20240607,1153,5039,115829,139401.73626219013,38155,12667,30,0,42.71,0.0,0
376,20240607,1199,5060,38001,83916.13164344397,12741,5182,30,0,35.87,0.0,0
140,20240607,1020,5063,150783,124439.86584804734,14767,6100,29,0,100.0,0.0,0
535,20240607,1063,5078,102114,201090.14364100888,13243,4694,30,0,76.61,0.0,0
337,20240608,1088,5094,71250,138407.77577665675,15867,6150,28,0,54.81,0.0,0
403,20240609,1050,5066,83623,46204.58765997175,17002,7105,22,0,53.25,0.0,0
757,20240609,1108,5068,65034,135028.60241371635,16741,6571,29,0,47.77,0.0,0
374,20240610,1112,5083,68605,146935.6491545666,18547,6309,29,0,54.17,0.0,0
371,20240611,1145,5002,250101,270687.1641117851,76203,32007,29,0,55.72,0.0,0
553,20240611,1145,5016,169212,252327.15747526856,56723,23206,25,0,39.63,0.0,0
441,20240611,1050,5022,223780,342979.7726334888,32521,12808,29,0,71.46,0.0,0
413,20240611,1127,5094,52960,39936.70230198439,12977,4768,27,0,40.74,0.0,0
814,20240612,1072,5004,520189,1081533.8337184414,63514,24868,29,0,78.53,0.0,0
351,20240612,1141,5004,263091,608553.3768925185,88024,31417,28,0,39.72,0.0,0
378,20240612,1175,5025,141514,198010.66243919975,26371,10571,26,0,63.38,0.0,0
286,20240612,1119,5090,64431,120226.25094227302,17437,5803,30,0,38.56,0.0,0
729,20240613,1029,5008,522781,1097440.8689852396,55071,22205,30,0,100.0,0.0,0
241,20240613,1124,5032,131970,316533.92133045255,31523,12167,29,0,45.89,0.0,0
486,20240614,1081,5013,250270,329707.4707897324,53733,19054,28,0,65.98,0.0,0
60,20240614,1053,5026,204980,346209.14326894126,29863,13310,30,0,58.95,0.0,0
481,20240614,1103,5048,95908,70500.6630076718,23218,10327,29,0,54.26,0.0,0
865,20240614,1148,5091,49374,90170.98549194465,14774,5445,30,0,53.16,0.0,0
29,20240615,1008,5032,271164,620335.9769442767,35880,14527,23,0,94.29,0.0,0
161,20240615,1016,5071,158334,91462.93470638055,16241,7520,26,0,100.0,0.0,0
944,20240615,1026,5079,174111,293787.72285871673,16378,7454,29,0,100.0,0.0,0
259,20240616,1136,5053,142375,316152.5304257464,29275,13668,30,0,70.1,0.0,0
939,20240616,1177,5056,186362,116126.78195310634,35492,13486,30,0,60.62,0.0,0
176,20240616,1064,5083,107723,57652.05317151189,16231,6711,24,0,85.06,0.0,0
192,20240617,1082,5016,316250,421309.00188689795,57824,24303,29,0,74.08,0.0,0
211,20240617,1092,5035,147429,81560.74317395466,37537,13598,24,0,60.79,0.0,0
245,20240618,1003,5005,615320,884262.4421755878,64580,22469,30,0,79.35,0.0,0
418,20240618,1076,5023,246688,555033.6085878348,26822,12809,30,0,82.49,0.0,0
698,20240618,1049,5024,139683,320701.86168755975,26617,10642,25,0,49.74,0.0,0
461,20240618,1047,5081,115596,251977.02788001377,17203,7214,30,0,74.88,0.0,0
157,20240618,1018,5094,129000,194704.24011929642,15028,6296,23,0,99.23,0.0,0
47,20240619,1148,5040,97028,56060.00090302331,29664,12222,29,0,51.45,0.0,0
871,20240619,1187,5067,32231,64125.779949471544,11513,5226,30,0,23.94,0.0,0
847,20240619,1144,5068,57941,92973.79524409803,19402,7063,29,0,42.56,0.0,0
571,20240619,1108,5087,68928,77375.16222271488,15992,7507,30,0,44.57,0.0,0
618,20240619,1059,5099,116652,154454.11120633277,17894,6766,30,0,100.0,0.0,0
14,20240620,1185,5008,142541,344422.5579686039,45565,22024,29,0,27.27,0.0,0
912,20240620,1183,5029,70453,166727.67485088916,28652,13230,24,0,23.29,0.0,0
575,20240620,1158,5074,45554,55189.73309655537,13465,5802,30,0,59.3,0.0,0
272,20240621,1053,5040,170780,191966.59006198516,26237,10464,30,0,90.56,0.0,0
885,20240621,1124,5060,60796,101096.77275606924,12267,5725,30,0,57.38,0.0,0
222,20240622,1101,5030,84728,64690.484258307595,26176,11400,22,0,64.23,0.0,0
457,20240622,1173,5060,63734,113933.05174155861,17298,6311,19,0,60.16,0.0,0
271,20240623,1064,5011,351730,433553.49359311926,55859,22651,23,0,80.24,0.0,0
314,20240623,1072,5016,372537,873513.4664234088,56979,23645,23,0,87.26,0.0,0
926,20240623,1133,5016,209951,274169.9675704457,43196,19900,29,0,49.18,0.0,0
72,20240623,1100,5043,158287,114947.99050694822,35418,15303,25,0,64.52,0.0,0
589,20240623,1019,5062,99040,197378.92124709656,12932,6027,21,0,74.68,0.0,0
9,20240624,1186,5037,88668,195616.39005006698,31283,14429,30,0,38.01,0.0,0
136,20240624,1131,5060,66543,95892.4042915212,15839,6252,28,0,62.81,0.0,0
705,20240625,1163,5065,93883,188809.80294470245,16828,7290,29,0,93.1,0.0,0
560,20240626,1005,5033,309561,161662.14865788977,30900,11351,29,0,100.0,0.0,0
614,20240626,1060,5037,233267,233746.52304728178,33228,12985,30,0,100.0,0.0,0
256,20240626,1180,5041,177383,239093.72046123247,31833,13135,30,0,100.0,0.0,0
5,20240626,1059,5045,237350,345940.3677676728,34544,14783,30,0,78.72,0.0,0
898,20240626,1195,5077,38098,59129.314196592946,16824,7178,24,0,32.26,0.0,0
959,20240626,1066,5079,114970,243912.7744664714,14810,5548,28,0,66.03,0.0,0
798,20240627,1094,5054,160721,185695.05738203798,30657,13080,30,0,60.72,0.0,0
985,20240629,1109,5014,215339,519311.0962821024,56196,23006,29,0,66.75,0.0,0
233,20240629,1023,5032,239734,343330.6275906175,27479,10802,25,0,83.36,0.0,0
253,20240629,1153,5040,71825,103329.23890308353,29362,12966,21,0,38.09,0.0,0
889,20240630,1040,5003,658640,354647.6543175417,65176,29730,28,0,100.0,0.0,0
91,20240701,1073,5016,426931,342166.84330792335,50341,20610,30,0,100.0,0.0,0
708,20240701,1020,5020,384621,766591.1599054437,45524,19063,25,0,83.7,0.0,0
93,20240702,1193,5062,44532,73276.42706227872,16126,6120,29,0,33.58,0.0,0
713,20240702,1065,5068,136149,165893.29895958438,17201,7152,29,0,100.0,0.0,0
98,20240702,1194,5088,32601,52751.48374884951,10817,4716,30,0,19.19,0.0,0
113,20240702,1097,5098,83512,165823.61575733175,15718,6534,29,0,79.76,0.0,0
984,20240703,1042,5063,88816,54813.880237254314,12072,5237,29,0,58.9,0.0,0
210,20240704,1048,5056,209502,148425.50563707517,34142,14008,28,0,68.15,0.0,0
146,20240704,1141,5081,42276,68645.88700611082,15041,6200,26,0,27.38,0.0,0
894,20240705,1143,5054,103259,131883.93176980474,33750,13042,30,0,39.01,0.0,0
141,20240705,1022,5087,154653,243422.1801840826,15813,6597,27,0,100.0,0.0,0
610,20240705,1182,5089,40487,75026.91399299377,14076,5518,30,0,34.79,0.0,0
224,20240706,1153,5002,233764,316137.1847529778,78915,30181,25,0,52.08,0.0,0
166,20240706,1019,5003,554331,539441.1982393282,67505,29880,22,0,84.16,0.0,0
577,20240706,1091,5006,243293,342202.64102808817,56103,22594,25,0,55.77,0.0,0
132,20240706,1187,5053,57297,79890.50431821297,26193,11041,24,0,28.21,0.0,0
287,20240706,1075,5080,78702,183474.28217470756,13969,4950,21,0,52.47,0.0,0
765,20240706,1122,5090,65768,106030.8797822143,16595,7393,24,0,39.36,0.0,0
359,20240707,1176,5041,173078,362865.0904831,33661,14138,26,0,97.57,0.0,0
410,20240707,1082,5057,175482,169687.57693102618,36468,13913,29,0,77.39,0.0,0
428,20240707,1078,5060,105946,57953.466501932824,13078,5215,29,0,100.0,0.0,0
533,20240708,1035,5029,302565,656587.3205477527,33319,12142,29,0,100.0,0.0,0
572,20240708,1037,5050,253512,391292.7137274898,25086,9940,30,0,100.0,0.0,0
651,20240709,1103,5008,189184,442309.82375648624,44158,18346,30,0,36.19,0.0,0
299,20240709,1044,5032,166037,171931.71161080388,26396,10887,30,0,57.74,0.0,0
707,20240709,1105,5066,53405,126433.0439950815,12931,5594,28,0,34.01,0.0,0
499,20240709,1121,5076,59401,141057.7398660021,13451,4917,29,0,33.66,0.0,0
165,20240709,1170,5086,89077,164786.213525503,15488,6092,30,0,75.96,0.0,0
516,20240709,1066,5089,116390,72953.98841290025,15069,5615,30,0,100.0,0.0,0
296,20240710,1095,5045,146800,163886.7806024747,32354,12226,29,0,48.69,0.0,0
397,20240710,1118,5059,133902,264696.4210725573,36780,15412,28,0,86.96,0.0,0
843,20240710,1153,5080,47052,71946.08600045374,14739,5503,30,0,31.37,0.0,0
833,20240711,1064,5058,253966,160318.88388569746,32169,13924,30,0,100.0,0.0,0
738,20240711,1153,5063,48072,109972.17177130764,15496,5279,30,0,31.88,0.0,0
385,20240711,1111,5091,52865,105719.28403767315,13320,6012,28,0,56.92,0.0,0
904,20240712,1088,5019,225503,553799.2545186012,45481,18338,30,0,36.76,0.0,0
208,20240713,1028,5033,244947,273334.42573535675,24336,10600,27,0,79.13,0.0,0
683,20240713,1030,5095,135857,190081.8580330647,13981,5227,30,0,100.0,0.0,0
279,20240714,1074,5010,446414,234256.49994550546,52644,21070,28,0,100.0,0.0,0
493,20240714,1139,5069,60759,83167.07554354379,15804,5806,25,0,67.81,0.0,0
219,20240714,1068,5071,87461,104746.66989477495,12872,5975,22,0,55.24,0.0,0
472,20240714,1015,5081,135768,321052.14890075795,14297,5549,27,0,87.94,0.0,0
19,20240715,1110,5023,95565,143748.2414131795,27409,10599,28,0,31.96,0.0,0
61,20240715,1003,5045,301518,345481.8340603635,30651,12115,30,0,100.0,0.0,0
242,20240716,1116,5009,208137,113452.64719866661,49031,22468,28,0,44.27,0.0,0
941,20240716,1059,5094,102532,243117.33938963735,16577,7460,26,0,78.87,0.0,0
551,20240717,1173,5001,450501,449087.69344699016,77530,34022,30,0,100.0,0.0,0
736,20240717,1129,5059,125456,65456.1711639247,33942,14105,22,0,81.48,0.0,0
558,20240718,1141,5074,53019,49624.32889288841,17462,6079,30,0,69.02,0.0,0
504,20240719,1176,5025,172618,164313.40481933657,29684,12874,29,0,77.31,0.0,0
106,20240719,1010,5055,282167,207402.21108870592,27326,11264,29,0,100.0,0.0,0
251,20240719,1055,5064,101081,250522.23761884237,15971,6093,28,0,92.92,0.0,0
502,20240719,1080,5071,117607,200389.06263640884,15300,5378,30,0,74.28,0.0,0
711,20240719,1124,5089,63620,126096.01134516209,13814,5452,28,0,54.66,0.0,0
243,20240720,1138,5039,128031,221870.75168307693,36068,14581,23,0,47.21,0.0,0
67,20240720,1187,5042,67728,160027.10540834806,25729,9170,30,0,21.23,0.0,0
172,20240720,1184,5043,67725,152424.32628665413,26915,10236,27,0,27.61,0.0,0
546,20240720,1108,5068,71820,89809.90196269682,18224,6889,30,0,52.75,0.0,0
784,20240720,1091,5081,63592,70676.00623347565,12648,5717,27,0,41.19,0.0,0
112,20240720,1036,5087,110892,244129.15786897638,14192,5418,24,0,71.7,0.0,0
807,20240721,1137,5002,293214,367018.9490238451,80541,34148,22,0,65.32,0.0,0
27,20240721,1023,5013,288373,362808.30536343844,44778,17585,20,0,76.02,0.0,0
228,20240721,1180,5076,65209,81709.20695792937,14426,5264,23,0,36.95,0.0,0
465,20240721,1016,5099,114104,70500.57446664009,14717,5119,24,0,97.82,0.0,0
478,20240722,1010,5020,459548,448561.0841012649,47722,17388,28,0,100.0,0.0,0
982,20240723,1195,5069,47986,52068.42602951877,17818,6751,30,0,53.56,0.0,0
919,20240723,1039,5073,121366,281943.20572223305,15471,5712,25,0,100.0,0.0,0
198,20240723,1119,5073,48574,108283.75760937798,13338,5309,29,0,40.02,0.0,0
945,20240724,1054,5028,213642,411052.6790284458,29416,12857,30,0,97.81,0.0,0
517,20240724,1166,5055,153988,135359.53597208238,33141,11287,27,0,54.57,0.0,0
7,20240724,1031,5080,120756,140947.47379196185,12733,4752,29,0,80.51,0.0,0
666,20240725,1039,5026,347744,535251.2188540794,33014,14943,30,0,100.0,0.0,0
137,20240726,1014,5008,474366,1081648.0269379187,43224,20096,30,0,90.74,0.0,0
715,20240726,1036,5019,613480,1086474.754924055,56206,24241,30,0,100.0,0.0,0
118,20240726,1095,5024,145823,221190.1861407749,30602,10873,30,0,51.93,0.0,0
317,20240726,1156,5025,93631,85116.88017359938,26716,11476,30,0,41.93,0.0,0
205,20240726,1172,5027,173165,202407.32431864445,31489,11414,30,0,57.25,0.0,0
195,20240727,1077,5046,223516,212649.98107187357,30976,11817,26,0,65.79,0.0,0
121,20240727,1069,5065,100843,53150.1603009514,14092,5536,25,0,100.0,0.0,0
608,20240727,1050,5070,91917,205217.46241028426,13104,5342,30,0,80.23,0.0,0
411,20240728,1156,5023,69210,154235.37485219748,28864,12011,20,0,23.14,0.0,0
231,20240728,1186,5036,62094,61246.788982399856,23873,10568,28,0,17.61,0.0,0
570,20240728,1187,5063,36013,81366.92842597156,12775,6425,26,0,23.88,0.0,0
540,20240728,1068,5064,91601,196612.1156676184,13422,5253,24,0,84.2,0.0,0
223,20240728,1193,5073,33321,19270.74442624844,12446,4540,30,0,27.45,0.0,0
580,20240729,1052,5077,118089,268474.7289308267,19039,6601,30,0,100.0,0.0,0
200,20240729,1140,5095,78269,137597.29053186692,19613,8134,28,0,57.61,0.0,0
717,20240730,1097,5038,161645,180851.648177375,35401,13490,29,0,92.2,0.0,0
56,20240731,1099,5039,136862,133803.0264426258,27572,11916,30,0,50.47,0.0,0
471,20240731,1124,5062,69705,64605.74660976436,15742,5726,30,0,52.56,0.0,0
432,20240801,1190,5021,65642,115964.23759600308,21828,10269,29,0,19.57,0.0,0
891,20240801,1014,5072,122465,210090.57071024133,13568,4791,29,0,92.13,0.0,0
204,20240802,1138,5020,247828,537542.2277712332,52884,21954,30,0,53.93,0.0,0
68,20240802,1182,5042,82614,57247.54050443771,28245,13556,29,0,25.9,0.0,0
117,20240802,1107,5054,130313,226567.1967145307,35741,12990,30,0,49.23,0.0,0
335,20240802,1009,5081,154384,287949.48989060987,16433,5864,29,0,100.0,0.0,0
980,20240803,1081,5066,69610,129795.11734021829,15585,6112,29,0,44.33,0.0,0
908,20240804,1124,5073,61782,53363.29769540956,12656,5241,30,0,50.91,0.0,0
594,20240805,1084,5060,62841,102451.44141909965,12502,4967,28,0,59.31,0.0,0
291,20240806,1179,5002,433320,451918.6727903192,80542,28551,29,0,96.53,0.0,0
607,20240806,1099,5047,184735,431414.4974938844,40004,16000,30,0,79.96,0.0,0
246,20240806,1111,5089,44823,88376.87114219935,14428,6461,22,0,38.51,0.0,0
332,20240807,1017,5067,134630,112052.30201092079,14196,5248,29,0,100.0,0.0,0
126,20240807,1151,5096,40085,31585.336954788396,11646,4487,30,0,26.2,0.0,0
304,20240808,1193,5015,119009,258948.56593260425,47824,19857,28,0,25.67,0.0,0
92,20240808,1110,5028,102541,203116.42769373156,25623,10290,30,0,46.94,0.0,0
321,20240808,1089,5046,173919,293645.1880526775,37599,13332,30,0,51.19,0.0,0
31,20240808,1075,5051,234337,238657.56056269238,31508,13050,26,0,100.0,0.0,0
455,20240808,1010,5054,264686,213446.06923419723,34121,14151,23,0,100.0,0.0,0
487,20240808,1189,5085,23776,19649.789890622484,11965,5181,20,0,21.2,0.0,0
313,20240808,1055,5093,114555,254122.619903696,16183,7014,28,0,75.43,0.0,0
562,20240809,1036,5071,115463,275545.9209899082,12538,5316,24,0,72.92,0.0,0
557,20240810,1042,5005,333134,645521.9031096626,66410,27168,23,0,42.96,0.0,0
593,20240810,1163,5036,140657,213399.81626893708,34410,14278,21,0,39.89,0.0,0
744,20240810,1088,5043,102932,173644.1353597492,34546,13183,19,0,41.96,0.0,0
34,20240810,1144,5052,65648,108835.46108654176,29570,10163,21,0,27.88,0.0,0
688,20240810,1047,5057,157308,341270.97204508027,23559,9035,29,0,69.37,0.0,0
400,20240812,1019,5046,339753,679017.6269974224,36170,13085,30,0,100.0,0.0,0
379,20240812,1085,5047,165111,351768.13489554357,34986,14526,30,0,71.47,0.0,0
64,20240812,1118,5057,99041,113751.54872719188,30191,10643,26,0,43.68,0.0,0
598,20240812,1060,5078,81850,143047.1164834804,12048,5027,29,0,61.41,0.0,0
124,20240813,1183,5038,61251,70698.57106179606,22094,10344,26,0,34.94,0.0,0
996,20240814,1101,5044,85384,63064.07937976526,26390,10686,22,0,37.61,0.0,0
638,20240814,1100,5083,49431,24831.69914982895,12990,4915,22,0,39.03,0.0,0
460,20240815,1057,5017,330314,410637.35846920754,50445,18009,30,0,86.55,0.0,0
958,20240815,1187,5028,83635,191758.37692715233,26557,12608,30,0,38.29,0.0,0
237,20240815,1025,5036,352626,211285.79499676573,36699,14749,29,0,100.0,0.0,0
543,20240815,1106,5039,120750,143156.3961569412,30994,12738,29,0,44.53,0.0,0
130,20240815,1088,5074,66906,117729.13942803917,13702,6541,26,0,87.1,0.0,0
171,20240816,1181,5018,125505,138419.05397347445,43439,20263,30,0,34.38,0.0,0
215,20240816,1084,5026,133210,249157.45482457677,28252,9757,30,0,38.31,0.0,0
261,20240816,1126,5033,143115,208351.42820199835,30504,13279,29,0,46.23,0.0,0
319,20240817,1148,5046,101444,191066.21149206968,32903,11740,30,0,29.86,0.0,0
77,20240818,1150,5044,107546,127508.15805374998,36199,13824,27,0,47.37,0.0,0
875,20240818,1127,5058,130580,168923.02345284796,32766,13135,27,0,51.42,0.0,0
749,20240819,1117,5015,196665,317131.5076463587,46348,20764,28,0,42.43,0.0,0
955,20240819,1154,5036,108130,110409.86402484468,32708,14466,28,0,30.66,0.0,0
448,20240820,1074,5003,412062,636410.5339430764,58990,24674,25,0,62.56,0.0,0
547,20240820,1018,5023,232402,303461.78107737773,31547,10768,24,0,77.72,0.0,0
340,20240820,1147,5033,98490,107533.26436663371,31963,13675,25,0,31.82,0.0,0
613,20240820,1026,5076,176480,363161.6312330887,16134,6450,30,0,100.0,0.0,0
78,20240821,1114,5054,112535,201395.48313838994,33552,13978,25,0,42.52,0.0,0
488,20240821,1085,5078,86162,204281.73556946695,18128,7141,30,0,64.65,0.0,0
809,20240822,1168,5040,178612,279080.1015945703,29553,13042,30,0,94.71,0.0,0
3,20240822,1127,5045,116538,273057.15449629107,28148,12050,28,0,38.65,0.0,0
780,20240822,1102,5050,106454,53872.30532223508,26828,9934,30,0,41.99,0.0,0
838,20240823,1002,5042,319008,316952.0731678969,34760,13377,30,0,100.0,0.0,0
564,20240823,1108,5074,68303,52965.755607517145,17597,6681,29,0,88.92,0.0,0
352,20240823,1145,5088,42777,29000.64921737525,13838,5467,27,0,25.18,0.0,0
419,20240823,1153,5089,49726,72048.5219430817,13537,5856,30,0,42.72,0.0,0
544,20240824,1052,5048,143962,150541.81154065832,26441,10344,24,0,81.44,0.0,0
911,20240824,1102,5048,98846,165214.6288323562,23979,9933,27,0,55.92,0.0,0
268,20240824,1147,5050,106309,105671.01547533304,30859,12374,30,0,41.93,0.0,0
483,20240824,1126,5067,64739,91659.88941393868,16797,6084,27,0,48.09,0.0,0
362,20240824,1005,5068,123483,158895.5438340878,15159,5913,26,0,90.7,0.0,0
534,20240824,1034,5087,136580,155207.11098309598,18206,6369,24,0,88.31,0.0,0
274,20240825,1189,5012,130584,287502.09613120864,51283,22237,24,0,36.83,0.0,0
692,20240825,1157,5071,30341,49441.4998804405,12306,4808,22,0,19.16,0.0,0
358,20240825,1074,5078,133283,259312.86384524876,15643,6142,29,0,100.0,0.0,0
799,20240826,1195,5025,60490,52878.74377897402,25342,12142,23,0,27.09,0.0,0
300,20240826,1183,5081,43393,99671.4436967663,14204,5938,30,0,28.11,0.0,0
87,20240827,1167,5001,370979,352728.0219959567,67461,27570,29,0,82.35,0.0,0
954,20240827,1059,5005,522492,955399.7860805872,84464,30010,29,0,67.38,0.0,0
386,20240827,1173,5017,333059,601107.6839991253,60093,25646,27,0,87.27,0.0,0
774,20240827,1196,5036,63060,75065.33937317002,23105,10780,28,0,17.88,0.0,0
8,20240827,1163,5068,94751,125537.10175873499,18771,7045,28,0,69.59,0.0,0
777,20240828,1095,5010,305483,428548.3409759619,63559,25463,30,0,68.43,0.0,0
375,20240828,1028,5090,167104,369358.5633653968,16952,6404,30,0,100.0,0.0,0
827,20240828,1022,5094,129998,222838.81991504054,13329,5523,30,0,100.0,0.0,0
684,20240830,1019,5082,160093,215228.72761694016,16115,7080,29,0,100.0,0.0,0
942,20240831,1098,5006,231740,322458.50969023805,68367,23267,22,0,53.12,0.0,0
236,20240831,1028,5066,157033,295975.41080094717,14276,5948,30,0,100.0,0.0,0
676,20240831,1107,5071,64654,93219.69598787892,14751,6318,30,0,40.83,0.0,0
755,20240831,1061,5079,139352,115182.22449284662,16602,6880,29,0,80.04,0.0,0
422,20240901,1044,5070,54232,110722.3687741916,12920,5402,19,0,47.34,0.0,0
806,20240902,1063,5009,325221,531130.2630258813,48992,19630,24,0,69.18,0.0,0
690,20240902,1032,5065,96065,188170.80563878355,12527,5703,20,0,95.26,0.0,0
856,20240903,1133,5054,112791,271149.21663672384,32973,15871,20,0,42.61,0.0,0
653,20240903,1167,5079,76758,63933.99079608717,16183,5753,25,0,44.09,0.0,0
444,20240904,1158,5026,74786,61527.25026684028,31511,13143,20,0,21.51,0.0,0
35,20240904,1055,5079,69010,109665.08038228421,16466,6656,20,0,39.64,0.0,0
636,20240905,1164,5022,157137,343688.5479269527,32894,14532,23,0,50.18,0.0,0
84,20240905,1020,5046,167182,181900.8048742887,27385,9493,19,0,49.21,0.0,0
951,20240905,1106,5055,56388,81563.89960272172,24124,9372,16,0,19.98,0.0,0
658,20240906,1076,5023,223832,443976.9240674874,34062,13948,25,0,74.85,0.0,0
890,20240907,1065,5007,408951,272900.6769074977,63062,25833,24,0,100.0,0.0,0
295,20240907,1079,5021,154235,260075.27601971498,35352,12756,17,0,45.98,0.0,0
854,20240907,1064,5038,170745,306770.06159785204,34065,12890,17,0,97.39,0.0,0
511,20240907,1047,5045,131044,325406.2352647399,28260,10568,21,0,43.46,0.0,0
46,20240907,1078,5070,68886,37519.05198287609,13096,5356,18,0,60.13,0.0,0
4,20240908,1096,5044,116776,106014.08026016536,40375,15978,18,0,51.43,0.0,0
323,20240908,1015,5047,144729,171434.20227165846,24604,8941,17,0,62.64,0.0,0
793,20240908,1149,5066,38412,68414.88435333828,13966,5886,24,0,24.46,0.0,0
791,20240908,1052,5073,62492,86377.24679623701,17798,7392,16,0,51.49,0.0,0
503,20240908,1095,5084,59699,146663.5170384431,14794,6204,24,0,58.32,0.0,0
447,20240909,1098,5004,287804,147779.99436847414,81350,32763,19,0,43.45,0.0,0
330,20240909,1049,5023,162212,88398.12736087492,32756,11653,23,0,54.24,0.0,0
150,20240910,1066,5017,280225,157154.8566227515,51718,20213,18,0,73.43,0.0,0
946,20240911,1178,5051,134706,306176.8353471767,26983,10407,24,0,57.48,0.0,0
312,20240911,1155,5074,34546,55754.94823147746,14710,5449,22,0,44.97,0.0,0
508,20240912,1168,5067,81355,134889.2500414681,16234,6630,25,0,60.43,0.0,0
495,20240912,1129,5070,65664,38539.15491959445,18522,7842,24,0,57.31,0.0,0
515,20240912,1070,5082,86983,214392.28350521368,14742,6413,19,0,54.33,0.0,0
899,20240913,1134,5002,347701,386146.22613495885,73216,31931,28,0,77.46,0.0,0
174,20240913,1158,5020,134238,167310.45702757096,50774,20393,25,0,29.21,0.0,0
384,20240913,1126,5038,131148,239605.12750506675,31874,13178,29,0,74.81,0.0,0
336,20240913,1190,5057,77931,54396.407110197964,25185,12660,30,0,34.37,0.0,0
356,20240913,1135,5088,51876,128295.02962894003,14676,5141,25,0,30.53,0.0,0
795,20240913,1104,5095,53306,61402.78212349768,12982,5344,30,0,39.24,0.0,0
964,20240914,1049,5004,334680,650665.796937391,85895,31630,19,0,50.53,0.0,0
184,20240914,1085,5043,79191,176782.00115649062,27789,12315,16,0,32.28,0.0,0
973,20240915,1163,5015,187972,275340.83569004823,65379,22062,16,0,40.55,0.0,0
442,20240915,1149,5050,60315,147972.85377342172,25797,10264,21,0,23.79,0.0,0
811,20240916,1195,5010,108881,102945.65966114374,50251,19959,25,0,24.39,0.0,0
933,20240916,1148,5038,65178,43753.095452987334,32681,12446,18,0,37.18,0.0,0
235,20240916,1002,5052,235460,583237.1709655985,30052,13575,21,0,100.0,0.0,0
869,20240916,1009,5078,82903,43609.50729385234,14304,5006,19,0,62.2,0.0,0
617,20240917,1071,5041,152587,310051.8069304941,32078,14080,17,0,86.02,0.0,0
454,20240917,1168,5078,54707,132228.39862988208,13537,4946,21,0,41.05,0.0,0
801,20240919,1009,5007,300871,302606.0378994618,46219,18512,20,0,73.57,0.0,0
609,20240919,1169,5016,290761,725865.0520808441,56860,23784,25,0,68.1,0.0,0
641,20240919,1163,5060,80424,61312.50445556379,14382,6344,27,0,75.91,0.0,0
381,20240919,1153,5068,43625,103777.56308470063,17230,6731,22,0,32.04,0.0,0
536,20240919,1161,5081,77142,80523.8137085017,17044,6603,24,0,49.97,0.0,0
664,20240921,1055,5093,80834,60403.02933396487,12841,4668,30,0,53.22,0.0,0
459,20240922,1004,5017,381630,456237.7647735858,47564,18795,22,0,100.0,0.0,0
687,20240922,1176,5032,132516,262576.0085928732,37898,13597,18,0,46.08,0.0,0
339,20240922,1188,5037,36241,49732.51989100281,28407,11462,13,0,15.54,0.0,0
175,20240922,1173,5059,153979,368067.45442336367,28722,12442,28,0,100.0,0.0,0
752,20240922,1076,5061,72909,126137.91110723195,12423,4987,22,0,54.24,0.0,0
144,20240923,1030,5075,95272,71538.79098441025,13099,5478,21,0,82.63,0.0,0
116,20240924,1046,5008,245780,471329.0182627259,61200,25584,18,0,47.01,0.0,0
756,20240924,1066,5089,82212,56324.79481473057,15944,6896,17,0,70.63,0.0,0
762,20240925,1012,5019,376337,829793.6850029242,52581,22919,19,0,61.34,0.0,0
654,20240925,1120,5037,73829,48610.00320351025,26398,12435,19,0,31.65,0.0,0
423,20240925,1038,5042,218517,140254.3021802869,23043,9910,25,0,68.5,0.0,0
38,20240925,1094,5062,60598,109282.11537773394,13843,5763,26,0,45.69,0.0,0
115,20240925,1156,5098,25881,40971.08059280024,18144,5996,14,0,24.72,0.0,0
128,20240926,1011,5027,247079,489290.64250512776,34369,13349,22,0,81.69,0.0,0
970,20240926,1068,5044,227050,542142.1573485323,35753,13948,24,0,100.0,0.0,0
353,20240927,1076,5004,562969,410482.7217275526,68949,28776,28,0,84.99,0.0,0
863,20240927,1125,5026,157248,252953.28790237496,33631,15106,29,0,45.22,0.0,0
965,20240927,1194,5045,64815,146243.4035171247,24115,11472,25,0,21.5,0.0,0
994,20240927,1052,5061,110499,115179.98532272046,17015,6086,30,0,82.21,0.0,0
903,20240927,1095,5071,88471,47767.70518789831,17966,6929,30,0,55.88,0.0,0
305,20240927,1128,5080,64184,72499.04265224641,15035,5502,28,0,42.79,0.0,0
783,20240928,1152,5089,37301,75541.8692639421,14719,5486,25,0,32.05,0.0,0
133,20240930,1090,5003,223407,211539.1427025053,75904,25590,18,0,33.92,0.0,0
702,20240930,1011,5015,432144,774690.6590649802,50761,20734,24,0,93.23,0.0,0
880,20240930,1187,5018,113410,62073.24850967188,55277,23864,21,0,31.06,0.0,0
290,20240930,1130,5028,83717,58554.60597580793,28858,13834,17,0,38.33,0.0,0
52,20240930,1180,5066,60650,66885.71879337759,18097,6215,18,0,38.62,0.0,0
785,20240930,1145,5081,46104,65913.59250786954,16002,7161,24,0,29.86,0.0,0
142,20241002,1024,5051,192990,225713.74226124346,29526,10430,20,0,82.36,0.0,0
699,20241002,1180,5083,55600,135549.05354277548,18514,6688,16,0,43.9,0.0,0
437,20241002,1194,5087,30847,29629.711270040214,12177,4861,28,0,19.95,0.0,0
229,20241003,1172,5007,241306,389098.8750753114,62154,27849,19,0,59.01,0.0,0
976,20241003,1030,5067,109296,100372.4543868909,17541,6411,20,0,81.18,0.0,0
860,20241003,1026,5082,99178,243957.559160764,13600,4842,22,0,61.95,0.0,0
152,20241004,1061,5028,206311,196574.89500270164,26764,11845,25,0,94.45,0.0,0
6,20241004,1161,5058,156042,232019.37945114452,32690,12882,23,0,61.44,0.0,0
631,20241004,1013,5083,122630,293162.885796879,16615,6485,20,0,96.84,0.0,0
585,20241005,1063,5020,365891,861702.8236444592,51025,22206,24,0,79.62,0.0,0
953,20241005,1031,5067,84283,153424.752938035,14063,5498,19,0,62.6,0.0,0
438,20241005,1056,5076,63720,81966.21185869802,12904,5318,20,0,36.11,0.0,0
425,20241006,1181,5001,119289,128138.05888838945,64835,24918,20,0,26.48,0.0,0
434,20241006,1108,5046,76307,104869.95204136799,24859,9932,22,0,22.46,0.0,0
797,20241006,1086,5049,131498,205851.66008770658,31047,12012,23,0,73.54,0.0,0
952,20241006,1071,5094,101251,130862.08653880164,17708,7132,22,0,77.89,0.0,0
507,20241007,1086,5021,138936,291261.3455282777,32114,11555,26,0,41.42,0.0,0
851,20241007,1046,5053,203104,327209.4365358742,34518,13341,28,0,100.0,0.0,0
346,20241008,1031,5002,366423,883604.1372592065,59049,26612,17,0,81.63,0.0,0
13,20241008,1101,5011,116285,209695.21318809502,49461,20342,18,0,26.53,0.0,0
405,20241008,1108,5016,158485,213334.44673952635,62075,21612,19,0,37.12,0.0,0
490,20241008,1041,5032,152381,318907.43180550606,35869,14352,20,0,52.99,0.0,0
59,20241008,1131,5039,108576,88841.95668572554,33686,13398,21,0,40.04,0.0,0
433,20241008,1147,5039,83788,153161.64470151052,31357,11836,23,0,30.9,0.0,0
644,20241008,1164,5044,146099,139199.3690887261,34535,12880,22,0,64.35,0.0,0
278,20241008,1118,5077,68330,127085.00698582339,15612,7383,30,0,57.86,0.0,0
439,20241008,1133,5088,67944,56201.212792109254,18510,6665,25,0,39.99,0.0,0
928,20241009,1030,5056,223181,243996.0156541514,30245,12791,19,0,72.6,0.0,0
470,20241009,1164,5060,68739,157428.6728400829,13793,6186,25,0,64.88,0.0,0
605,20241009,1018,5096,102824,107488.16233242846,14263,6513,20,0,67.2,0.0,0
844,20241009,1164,5098,56273,30702.741798100305,16080,5429,20,0,53.74,0.0,0
160,20241010,1097,5017,177867,425224.79041755747,43380,17830,22,0,46.61,0.0,0
830,20241010,1077,5070,112002,188516.67121754214,15559,6407,23,0,97.76,0.0,0
416,20241010,1020,5075,108835,195067.66105048056,13252,4857,26,0,94.4,0.0,0
526,20241010,1090,5092,44082,63133.71732662237,12388,4880,19,0,48.81,0.0,0
187,20241011,1014,5023,299037,285554.7900022355,33085,13309,25,0,100.0,0.0,0
28,20241012,1124,5021,76934,177027.36330593773,27036,9863,18,0,22.93,0.0,0
464,20241012,1179,5033,153487,210188.04007135247,37422,14137,22,0,49.58,0.0,0
878,20241012,1002,5064,77243,64514.11018886637,11356,4769,19,0,71.01,0.0,0
932,20241012,1069,5064,108785,107163.85130465595,14867,5997,27,0,100.0,0.0,0
657,20241012,1070,5082,84524,207573.4947888173,11912,5146,24,0,52.8,0.0,0
986,20241013,1113,5028,71891,112597.72090107741,22962,10078,22,0,32.91,0.0,0
815,20241013,1007,5056,190011,247136.81386809557,28047,10584,20,0,61.81,0.0,0
348,20241013,1002,5071,108572,222734.33187092879,15130,5894,23,0,68.57,0.0,0
555,20241014,1064,5033,219207,466561.3997687092,28243,12911,26,0,70.81,0.0,0
244,20241014,1128,5058,111344,257854.7721909857,25329,10216,26,0,43.84,0.0,0
387,20241015,1005,5007,391718,734576.0205516032,47994,22983,22,0,95.79,0.0,0
25,20241015,1112,5060,31663,26936.40617591523,16629,5725,15,0,29.89,0.0,0
220,20241015,1047,5071,100036,205730.08901668465,18569,6607,25,0,63.18,0.0,0
643,20241016,1008,5064,92212,176901.05621676106,14638,6181,18,0,84.77,0.0,0
753,20241016,1013,5082,130989,250504.21058847065,15185,6545,23,0,81.82,0.0,0
48,20241016,1003,5091,92880,120033.64545364336,14639,6104,19,0,100.0,0.0,0
275,20241016,1163,5094,73298,57183.2792594365,17333,7691,20,0,56.38,0.0,0
775,20241017,1194,5013,133249,218824.55696754833,49825,19551,28,0,35.13,0.0,0
656,20241017,1157,5017,97484,182740.53822509147,54800,20267,17,0,25.54,0.0,0
119,20241017,1089,5043,158867,210147.16401783918,32200,12272,29,0,64.76,0.0,0
627,20241018,1170,5050,167777,90360.57712058218,31631,12331,26,0,66.18,0.0,0
892,20241018,1098,5072,51769,67009.36601713306,14051,6095,21,0,38.94,0.0,0
867,20241018,1115,5088,54118,59904.10204564611,18995,6825,22,0,31.85,0.0,0
550,20241019,1153,5022,55608,132077.8043286151,23956,11144,19,0,17.76,0.0,0
445,20241020,1198,5023,47623,58279.44987667145,25445,11039,20,0,15.93,0.0,0
813,20241020,1149,5058,51343,101811.01310717978,27278,11131,16,0,20.22,0.0,0
661,20241020,1186,5092,40442,55384.45495254837,15670,7057,27,0,44.78,0.0,0
396,20241021,1046,5013,243619,596753.9591704914,59166,20023,20,0,64.22,0.0,0
125,20241021,1095,5039,101520,251483.7863976404,28052,11388,23,0,37.44,0.0,0
216,20241021,1159,5047,92155,71758.37256740611,34825,12988,23,0,39.89,0.0,0
949,20241021,1013,5080,149986,141809.66658642635,19313,7671,25,0,100.0,0.0,0
678,20241021,1120,5094,49225,33339.83799654964,13555,4987,28,0,37.87,0.0,0
686,20241022,1153,5023,67849,121980.60355167041,32358,12301,18,0,22.69,0.0,0
501,20241022,1080,5066,95687,120938.06161367561,17105,6809,20,0,60.93,0.0,0
522,20241022,1007,5100,152615,326965.1884951712,17944,6823,27,0,100.0,0.0,0
280,20241023,1140,5023,112151,240774.26690845087,35344,15494,20,0,37.5,0.0,0
704,20241023,1004,5024,233654,526884.1539655664,31080,10922,24,0,83.21,0.0,0
668,20241024,1110,5019,130449,259021.05554066712,42200,17136,21,0,21.26,0.0,0
767,20241024,1166,5025,146884,319568.64121233055,37645,14720,22,0,65.78,0.0,0
326,20241024,1061,5096,55068,134879.1752266656,10791,4971,16,0,35.99,0.0,0
110,20241025,1133,5037,111822,114414.63034624782,24724,10980,26,0,47.94,0.0,0
285,20241025,1066,5066,131227,267630.21011430374,15185,6534,28,0,83.57,0.0,0
114,20241026,1150,5017,114187,253990.51165378708,52363,17824,21,0,29.92,0.0,0
524,20241026,1198,5076,34035,27429.793482517875,14279,6321,23,0,19.29,0.0,0
347,20241026,1194,5098,29173,50685.32926303686,17564,6723,18,0,27.86,0.0,0
364,20241027,1049,5004,289659,178613.2950399584,81284,33376,15,0,43.73,0.0,0
1,20241027,1178,5031,117846,195860.2949608454,28161,10133,22,0,70.51,0.0,0
603,20241027,1040,5044,144441,168870.43909387756,23606,8877,17,0,63.62,0.0,0
199,20241028,1150,5013,166668,117097.25437960027,54996,22736,24,0,43.94,0.0,0
962,20241028,1115,5027,95193,139931.7300571407,22945,9435,29,0,31.47,0.0,0
943,20241028,1050,5051,121026,227518.50549923012,32299,11241,18,0,51.65,0.0,0
138,20241028,1135,5082,63528,78811.49119720515,20272,7497,22,0,39.68,0.0,0
372,20241028,1051,5084,69242,111223.13015106806,12554,5240,25,0,67.64,0.0,0
105,20241029,1012,5010,422890,259888.19173142695,66523,26279,20,0,94.73,0.0,0
475,20241029,1048,5041,138020,172560.47162078365,27548,10928,22,0,77.81,0.0,0
36,20241030,1156,5028,47627,55727.527361135435,27129,10116,15,0,21.8,0.0,0
159,20241030,1195,5042,55960,83024.56672794507,24680,12536,21,0,17.54,0.0,0
895,20241031,1005,5024,280799,542077.7542710522,31264,12351,26,0,100.0,0.0,0
979,20241031,1093,5049,135256,319854.3505246417,34992,13659,24,0,75.64,0.0,0
913,20241031,1147,5073,39485,84282.29427058967,18202,6868,20,0,32.53,0.0,0
567,20241101,1178,5050,154039,306307.9061397079,30005,10470,28,0,60.76,0.0,0
876,20241102,1153,5001,131855,98444.3759660784,60321,23399,18,0,29.27,0.0,0
781,20241102,1153,5023,57460,66653.21668394684,23164,9096,20,0,19.22,0.0,0
734,20241103,1043,5030,118900,97267.91896627417,26794,11656,19,0,90.14,0.0,0
333,20241104,1196,5020,79717,116446.13459472476,42403,17215,19,0,17.35,0.0,0
349,20241104,1069,5035,194010,165651.409174725,32131,11997,23,0,79.99,0.0,0
761,20241104,1040,5050,172001,103089.38467315196,28360,12724,16,0,67.85,0.0,0
916,20241104,1152,5065,33831,60715.8843218794,16759,6874,18,0,33.55,0.0,0
122,20241106,1018,5038,175312,212208.2334546191,23920,9077,21,0,100.0,0.0,0
639,20241107,1074,5019,410336,210159.07966185236,52748,22213,26,0,66.89,0.0,0
817,20241108,1153,5011,156037,302201.1339609855,51009,19909,29,0,35.6,0.0,0
81,20241108,1149,5015,151267,233107.53683822186,59713,22274,23,0,32.63,0.0,0
345,20241108,1111,5041,105030,79111.59028087785,26139,11644,27,0,59.21,0.0,0
180,20241108,1031,5083,118126,286428.0304081443,13697,5769,26,0,93.28,0.0,0
257,20241108,1088,5097,79025,163292.75935946044,19028,7422,25,0,100.0,0.0,0
790,20241109,1051,5017,219383,116345.13072644078,43319,19496,20,0,57.49,0.0,0
440,20241109,1030,5083,120830,114313.32555701009,18103,6128,21,0,95.41,0.0,0
197,20241110,1005,5074,76815,125537.38071521267,12984,4458,19,0,100.0,0.0,0
569,20241110,1160,5093,30724,25560.042977465633,14814,6046,19,0,20.23,0.0,0
169,20241111,1191,5035,57298,133117.3248488103,26752,12062,20,0,23.63,0.0,0
579,20241111,1009,5071,100578,221423.77304079564,13165,5040,22,0,63.52,0.0,0
301,20241111,1179,5090,52154,34350.15959174986,17057,5721,17,0,31.21,0.0,0
566,20241112,1125,5009,212548,433686.4870362126,70291,26285,21,0,45.21,0.0,0
842,20241112,1053,5053,123946,282964.38675460475,26953,11996,19,0,61.03,0.0,0
531,20241112,1109,5094,43124,62468.80195182421,13249,5326,22,0,33.17,0.0,0
307,20241113,1014,5009,470119,686870.5862565194,61135,24218,24,0,100.0,0.0,0
18,20241113,1180,5014,189892,226911.76641644674,55072,24219,17,0,58.87,0.0,0
357,20241113,1097,5032,103728,115218.27885820663,37703,15413,16,0,36.07,0.0,0
615,20241113,1184,5050,48499,93586.47503326682,31483,11468,17,0,19.13,0.0,0
320,20241113,1003,5070,114569,266644.85189427604,18260,7642,19,0,100.0,0.0,0
327,20241114,1156,5003,216055,357984.29486858303,66765,27833,30,0,32.8,0.0,0
95,20241114,1145,5043,64826,156570.44213631493,24316,10133,21,0,26.42,0.0,0
391,20241114,1191,5048,73999,114887.95812269361,25082,11506,28,0,41.86,0.0,0
55,20241114,1186,5063,37535,78910.82565034443,13495,6348,26,0,24.89,0.0,0
50,20241114,1113,5088,47045,30268.518092256436,12211,4857,28,0,27.69,0.0,0
862,20241114,1095,5099,58197,145478.88788126915,14939,6443,23,0,49.89,0.0,0
987,20241115,1132,5019,158425,88881.34765292049,42665,18110,22,0,25.82,0.0,0
430,20241115,1047,5047,210548,519497.6307796263,29023,13992,29,0,91.13,0.0,0
701,20241116,1037,5035,214566,321897.11911641544,34185,15066,18,0,88.47,0.0,0
120,20241117,1120,5096,47627,119016.97106875881,12622,5186,28,0,31.12,0.0,0
73,20241117,1097,5100,54900,121247.47233426139,19681,7180,17,0,35.97,0.0,0
99,20241118,1067,5052,227772,469541.6130082862,33368,13078,24,0,96.73,0.0,0
950,20241119,1183,5046,74145,46074.63487041242,36147,12962,23,0,21.82,0.0,0
872,20241119,1189,5046,80598,74416.35762548033,28072,13009,29,0,23.72,0.0,0
497,20241119,1021,5069,75360,164407.63964777003,12961,4915,16,0,84.11,0.0,0
306,20241120,1022,5011,320072,362865.6434020644,54833,23650,17,0,73.02,0.0,0
645,20241121,1041,5072,98173,127967.65255973661,16415,6955,24,0,73.85,0.0,0
498,20241123,1175,5017,190067,288696.2706044225,57454,18899,19,0,49.8,0.0,0
41,20241123,1122,5066,52667,119453.622616017,19533,7708,19,0,33.54,0.0,0
284,20241123,1190,5080,29150,62901.37593383191,16690,6138,20,0,19.44,0.0,0
739,20241124,1189,5005,147559,338651.18071212294,69323,29507,21,0,19.03,0.0,0
350,20241125,1152,5003,272803,355572.73753285053,91081,33669,28,0,41.42,0.0,0
870,20241125,1108,5063,53705,47686.54064550266,16557,6246,25,0,35.62,0.0,0
628,20241126,1191,5004,135181,144854.5273236934,60917,26771,24,0,20.41,0.0,0
167,20241126,1160,5021,101000,65680.99470082585,33361,12799,27,0,30.11,0.0,0
456,20241126,1101,5030,63453,156682.59636478772,30399,12541,14,0,48.1,0.0,0
496,20241127,1046,5010,216338,411452.98885935644,49649,20878,19,0,48.46,0.0,0
334,20241127,1153,5010,101908,108010.52214394476,45890,16912,20,0,22.83,0.0,0
491,20241127,1040,5020,423406,693439.340573411,48233,21780,25,0,92.14,0.0,0
754,20241127,1022,5096,153020,102323.26269466645,17374,7299,27,0,100.0,0.0,0
100,20241128,1186,5079,33419,62694.957543370474,12806,5234,27,0,19.19,0.0,0
837,20241129,1008,5022,313149,585224.3452672212,32645,14897,26,0,100.0,0.0,0
380,20241129,1181,5023,69952,127527.10007066219,33100,12525,23,0,23.39,0.0,0
935,20241129,1147,5085,44440,85606.10984245878,15162,5755,27,0,39.63,0.0,0
897,20241130,1088,5082,58600,59374.64434277354,18841,7072,18,0,36.6,0.0,0
852,20241130,1005,5096,80602,145632.22396354662,15893,7090,14,0,52.67,0.0,0
189,20241201,1158,5067,23053,46333.97577396108,14282,6361,13,0,17.12,0.0,0
324,20241201,1096,5072,33060,70701.39088176515,14409,6878,12,0,24.87,0.0,0
309,20241201,1163,5095,76906,43543.70177610534,19723,7689,23,0,56.61,0.0,0
552,20241202,1014,5010,275906,148479.43516013236,52439,25000,14,0,61.8,0.0,0
988,20241202,1054,5016,210613,488275.3836636405,51576,23066,17,0,49.33,0.0,0
69,20241202,1062,5024,130661,98122.178754271,24677,10726,18,0,46.53,0.0,0
967,20241202,1008,5045,164488,323539.53266438167,30103,11515,15,0,54.55,0.0,0
884,20241202,1060,5056,110036,238393.42646622038,26634,11904,17,0,35.79,0.0,0
917,20241202,1106,5061,47522,46544.40901419623,16123,5772,23,0,35.36,0.0,0
991,20241203,1087,5043,90941,123333.70585995151,34563,14277,15,0,37.07,0.0,0
883,20241203,1011,5056,250657,586717.0631246433,31157,12895,23,0,81.53,0.0,0
193,20241203,1114,5056,72014,124543.11786280628,34895,13940,16,0,23.42,0.0,0
519,20241204,1048,5007,278658,472412.9332452777,63723,21440,21,0,68.14,0.0,0
792,20241205,1098,5005,359858,429831.2005163757,92035,41086,22,0,46.4,0.0,0
846,20241205,1003,5013,323856,781416.5728562047,49679,21573,17,0,85.38,0.0,0
977,20241205,1114,5016,154577,147098.77807723306,57486,24769,18,0,36.21,0.0,0
58,20241205,1098,5042,98897,132824.7102271101,30700,12374,18,0,31.0,0.0,0
787,20241205,1122,5054,107220,64261.55036650395,32355,15167,20,0,40.51,0.0,0
602,20241205,1177,5058,108929,226570.64069428184,29663,11795,19,0,42.89,0.0,0
682,20241205,1142,5079,28515,35742.62202904947,13661,4873,18,0,16.38,0.0,0
597,20241205,1159,5086,21693,49731.992888822744,11930,4956,14,0,18.5,0.0,0
63,20241205,1119,5090,47214,110230.23565977985,17063,6551,20,0,28.25,0.0,0
33,20241207,1019,5057,153375,274403.692355788,30057,12202,14,0,67.64,0.0,0
476,20241207,1063,5074,58950,107452.74003546435,16366,5782,14,0,76.74,0.0,0
388,20241207,1149,5077,27515,64889.12531462503,14851,5755,17,0,23.3,0.0,0
429,20241208,1176,5006,161938,134858.45923435586,55525,20606,15,0,37.12,0.0,0
360,20241208,1099,5036,83213,98918.79151223996,28444,12199,16,0,23.6,0.0,0
829,20241208,1122,5099,31615,32285.6549099749,12412,5658,16,0,27.1,0.0,0
217,20241209,1185,5018,107003,250091.21359433507,47097,20216,21,0,29.31,0.0,0
474,20241209,1062,5050,215028,315895.0876508787,30079,13980,23,0,84.82,0.0,0
458,20241209,1102,5095,31054,33364.29054842017,12600,5182,17,0,22.86,0.0,0
689,20241210,1060,5021,135619,184876.46256384734,36302,13783,17,0,40.43,0.0,0
778,20241210,1087,5079,46845,37272.944143846296,17526,6425,15,0,26.91,0.0,0
659,20241211,1070,5005,453229,419577.8234737238,86888,36911,19,0,58.44,0.0,0
273,20241211,1196,5043,33070,49233.98570422249,26454,12435,11,0,13.48,0.0,0
16,20241211,1162,5064,55226,44059.96434404103,15292,5564,18,0,50.77,0.0,0
779,20241212,1051,5004,448751,1001389.6378703858,78076,36633,23,0,67.75,0.0,0
963,20241212,1060,5027,101447,93228.22248391404,32909,12926,13,0,33.54,0.0,0
196,20241212,1087,5034,102883,156645.8654975644,27998,12515,20,0,51.64,0.0,0
662,20241212,1043,5051,89153,127970.62730745363,26842,11314,15,0,38.04,0.0,0
771,20241212,1067,5070,78988,189219.38029887574,13095,4904,22,0,68.94,0.0,0
600,20241213,1002,5015,463540,828754.3311910838,48723,22215,27,0,100.0,0.0,0
311,20241213,1155,5021,112070,100037.48710362068,34463,14295,28,0,33.41,0.0,0
532,20241213,1048,5067,91747,157474.12599526322,15134,5929,27,0,68.15,0.0,0
392,20241214,1126,5005,184689,331851.8409922061,70336,27772,17,0,23.82,0.0,0
111,20241214,1075,5015,282475,173016.78845908714,55217,25416,16,0,60.94,0.0,0
808,20241214,1189,5041,36281,51012.427346162716,26581,10660,15,0,20.45,0.0,0
328,20241214,1095,5061,42537,92838.50147530128,12693,5926,18,0,31.65,0.0,0
163,20241214,1160,5064,19003,46407.80980883577,12343,5100,13,0,17.47,0.0,0
652,20241215,1012,5024,128615,85542.61428844485,27275,11473,13,0,45.8,0.0,0
20,20241215,1086,5069,45444,103945.39473425272,17535,6724,16,0,50.72,0.0,0
107,20241216,1061,5004,320114,775879.3884777577,75307,34640,15,0,48.33,0.0,0
185,20241216,1156,5051,52267,77240.67186910177,24398,10232,18,0,22.3,0.0,0
395,20241216,1053,5087,61536,121089.71734920067,15287,6766,17,0,39.79,0.0,0
252,20241216,1017,5091,85134,49468.937119244234,12458,5155,19,0,91.66,0.0,0
670,20241217,1072,5039,176009,213839.65149081286,35154,13152,19,0,64.91,0.0,0
819,20241217,1017,5040,156434,209746.1351539107,24161,11098,18,0,82.95,0.0,0
365,20241217,1086,5073,66215,160741.122786145,20385,7334,20,0,54.56,0.0,0
177,20241218,1088,5036,77106,148782.8582765314,26807,11656,16,0,21.87,0.0,0
914,20241218,1135,5044,114098,162327.9220329969,30657,13070,22,0,50.25,0.0,0
685,20241218,1187,5046,53660,60009.11150532113,26047,11679,21,0,15.79,0.0,0
831,20241218,1036,5071,73189,164273.61827237005,13442,5351,15,0,46.22,0.0,0
584,20241218,1178,5097,41869,74308.7043765161,13705,5600,16,0,52.98,0.0,0
65,20241218,1021,5099,105323,218064.30730437252,16953,6291,18,0,90.29,0.0,0
573,20241219,1059,5058,127931,146191.94778658196,30525,14020,17,0,50.37,0.0,0
424,20241219,1077,5066,80847,145806.346183741,14351,6232,21,0,51.48,0.0,0
671,20241220,1060,5004,373362,872736.7295148795,77645,33369,19,0,56.37,0.0,0
479,20241220,1198,5015,125252,72376.22393107251,56119,23328,22,0,27.02,0.0,0
505,20241220,1086,5046,112646,105045.43792122706,30953,11548,23,0,33.16,0.0,0
11,20241220,1151,5071,52444,130548.46618937512,18642,6701,27,0,33.12,0.0,0
202,20241221,1080,5007,283156,292840.21038057207,56707,24823,17,0,69.24,0.0,0
673,20241221,1134,5015,135631,207486.88098013055,54488,19900,18,0,29.26,0.0,0
576,20241221,1159,5031,43357,76709.22794915542,30658,12512,12,0,25.94,0.0,0
731,20241221,1033,5044,156672,119334.23274716528,34406,13436,14,0,69.0,0.0,0
565,20241221,1171,5082,52967,67692.06897319123,16695,6120,17,0,33.09,0.0,0
601,20241221,1183,5095,18053,15833.31501123354,13967,6686,12,0,13.29,0.0,0
436,20241222,1023,5046,137269,181829.01701086087,25424,9322,16,0,40.4,0.0,0
886,20241222,1054,5054,89778,81614.60337865197,29087,9870,15,0,33.92,0.0,0
227,20241223,1024,5019,255201,459227.63837521774,42211,20019,16,0,41.6,0.0,0
57,20241223,1153,5028,47300,78188.25764216522,26559,9071,17,0,21.65,0.0,0
354,20241223,1107,5038,65983,112822.80720737333,34582,13271,14,0,37.64,0.0,0
680,20241223,1067,5047,118978,233999.20617500882,28667,12710,14,0,51.5,0.0,0
660,20241223,1048,5075,59198,126901.42596079821,16193,5930,17,0,51.34,0.0,0
923,20241223,1123,5091,33210,49819.89955617089,18718,7177,12,0,35.76,0.0,0
331,20241224,1015,5027,178315,122085.57218071578,28492,11073,18,0,58.96,0.0,0
723,20241224,1133,5083,50305,106300.06804548582,15201,7392,19,0,39.72,0.0,0
716,20241225,1190,5056,44000,34319.200767924434,26411,10170,19,0,14.31,0.0,0
901,20241225,1142,5086,22727,40620.28284259249,14181,6023,13,0,19.38,0.0,0
134,20241226,1180,5056,127356,67332.04119978494,38786,13469,18,0,41.43,0.0,0
712,20241226,1180,5092,53361,60182.17633047877,15875,6722,18,0,59.08,0.0,0
893,20241227,1122,5021,103234,74967.1111725585,37631,13586,18,0,30.77,0.0,0
527,20241227,1029,5027,261700,435486.81425494916,35889,12579,23,0,86.53,0.0,0
414,20241227,1021,5075,115296,283022.8114513274,13428,5661,23,0,100.0,0.0,0
805,20241227,1027,5080,96217,198686.75079472622,13065,5110,23,0,64.15,0.0,0
281,20241228,1008,5092,90319,104206.91841738041,16640,6990,15,0,100.0,0.0,0
149,20241229,1124,5028,103315,205427.5837452528,32330,13112,23,0,47.3,0.0,0
518,20241230,1164,5050,103419,206180.7936566565,40912,14156,14,0,40.79,0.0,0
